pid,last_login_offset,reg_days_since_quit,sms_seq,reengaged
6,4,53.0,1,0
7,28,14.0,0,0
18,4,95.0,1,0
22,24,124.0,0,0
30,15,13.0,1,0
31,5,63.0,0,0
33,4,179.0,0,0
34,7,61.0,1,0
35,16,56.0,0,0
36,6,50.0,1,0
42,24,48.0,0,0
46,7,136.0,0,0
59,0,131.0,1,0
64,8,76.0,1,0
66,7,130.0,1,1
69,29,47.0,1,0
71,22,99.0,0,0
72,6,149.0,0,0
76,8,70.0,1,1
78,14,147.0,1,0
109,12,179.0,0,0
116,17,174.0,0,0
117,26,19.0,1,0
122,5,168.0,1,1
126,29,80.0,0,0
138,1,48.0,0,0
140,13,68.0,1,1
142,12,157.0,1,0
148,14,120.0,1,0
152,23,62.0,0,0
153,2,107.0,0,0
156,13,57.0,0,0
158,26,85.0,1,0
160,1,77.0,1,0
166,22,82.0,1,0
168,28,10.0,1,0
169,8,151.0,0,0
171,17,86.0,0,0
175,3,43.0,1,0
176,3,93.0,0,0
178,19,143.0,1,0
179,23,108.0,1,0
180,9,16.0,0,0
183,8,172.0,0,0
186,11,33.0,0,0
187,3,167.0,0,0
191,5,108.0,0,0
192,25,12.0,0,0
196,28,90.0,0,0
197,28,151.0,0,0
206,4,175.0,1,0
208,16,6.0,0,0
211,24,88.0,0,0
215,28,72.0,0,0
216,9,62.0,1,0
218,10,43.0,1,1
243,22,161.0,1,0
253,0,58.0,0,0
256,14,138.0,1,0
266,27,126.0,1,0
267,27,49.0,0,0
268,3,101.0,1,1
275,29,167.0,0,0
287,15,14.0,1,1
288,12,69.0,0,0
290,19,4.0,0,0
292,4,158.0,1,0
299,2,151.0,0,0
304,10,34.0,0,0
310,9,103.0,0,0
312,5,68.0,0,0
320,26,55.0,1,0
328,7,24.0,1,0
330,6,86.0,1,0
333,3,44.0,0,0
338,23,130.0,0,0
347,26,165.0,1,1
352,27,176.0,1,0
354,1,167.0,0,0
357,7,9.0,1,0
359,25,79.0,1,0
366,12,168.0,1,1
369,5,72.0,0,0
377,21,139.0,0,0
379,5,9.0,1,1
384,21,121.0,1,0
385,26,15.0,0,0
395,1,143.0,0,0
399,22,57.0,0,0
403,11,16.0,0,0
405,27,87.0,1,0
425,11,39.0,0,0
426,7,134.0,1,1
430,13,153.0,0,0
433,22,149.0,0,0
435,9,65.0,0,0
440,5,167.0,0,0
442,24,64.0,0,0
449,16,42.0,0,0
463,24,32.0,0,0
478,3,149.0,1,0
481,11,11.0,1,0
487,10,0.0,0,0
488,28,3.0,0,0
493,29,95.0,0,0
498,7,155.0,1,0
502,28,21.0,0,0
509,16,76.0,1,0
523,4,113.0,0,0
524,24,97.0,1,0
525,9,117.0,1,0
535,9,42.0,1,0
537,29,114.0,0,0
540,15,136.0,0,0
541,22,172.0,0,0
547,16,62.0,1,0
552,9,112.0,1,0
558,20,78.0,0,0
561,5,112.0,0,0
570,22,61.0,0,0
579,6,95.0,1,0
580,27,51.0,0,0
586,29,146.0,1,0
587,2,52.0,0,0
597,18,107.0,1,0
603,9,107.0,0,0
604,8,141.0,1,0
606,13,104.0,1,0
609,15,78.0,1,0
610,9,113.0,1,0
620,5,79.0,0,0
626,21,44.0,1,1
639,28,12.0,1,1
644,14,8.0,1,0
649,1,83.0,1,0
656,3,117.0,1,1
659,17,106.0,0,0
666,14,125.0,0,0
673,7,166.0,1,1
678,23,16.0,1,1
679,28,59.0,1,0
681,21,70.0,0,0
682,2,14.0,0,0
697,21,7.0,0,0
698,24,30.0,0,0
699,25,178.0,0,0
702,1,125.0,1,0
703,14,12.0,0,0
705,14,126.0,0,0
708,14,92.0,1,1
709,7,110.0,0,0
711,8,71.0,1,0
712,16,5.0,0,0
713,23,124.0,1,0
719,4,169.0,1,0
723,27,128.0,0,0
725,21,112.0,1,0
733,14,52.0,1,0
736,3,73.0,0,0
739,15,125.0,0,0
746,19,171.0,1,1
747,0,68.0,1,0
752,2,75.0,0,0
755,10,91.0,1,0
758,15,15.0,1,0
764,5,169.0,1,1
766,24,175.0,0,0
772,27,8.0,1,0
776,15,78.0,0,0
778,11,13.0,1,0
787,7,167.0,1,1
788,1,78.0,0,0
791,8,70.0,1,0
802,26,58.0,1,0
805,16,61.0,0,0
810,11,6.0,0,0
812,29,102.0,1,0
813,5,79.0,1,1
821,13,166.0,0,0
827,27,151.0,0,0
828,17,155.0,0,0
835,3,174.0,1,0
837,19,155.0,1,0
847,0,97.0,0,0
860,12,59.0,0,0
868,28,60.0,1,0
870,17,55.0,0,0
872,19,164.0,1,0
874,13,30.0,1,1
878,9,21.0,0,0
885,13,128.0,0,0
894,8,66.0,0,0
895,29,147.0,1,0
896,21,53.0,0,0
902,29,165.0,0,0
903,16,109.0,0,0
904,12,51.0,1,0
910,27,105.0,0,0
923,11,137.0,0,0
927,27,144.0,1,1
934,8,122.0,0,0
935,0,20.0,0,0
940,15,174.0,0,0
942,25,93.0,0,0
943,22,115.0,1,1
952,24,10.0,1,0
953,29,64.0,0,0
954,5,116.0,0,0
955,18,80.0,0,0
956,7,38.0,1,1
959,9,91.0,1,1
960,12,48.0,0,0
972,22,160.0,0,0
976,15,87.0,1,1
977,6,166.0,0,0
981,26,167.0,1,1
989,10,42.0,0,0
991,12,95.0,0,0
993,29,151.0,0,0
997,1,104.0,1,0
998,27,63.0,1,0
1000,24,39.0,0,0
1001,27,16.0,0,0
1011,24,21.0,0,0
1012,8,59.0,1,0
1025,24,90.0,0,0
1029,1,82.0,0,0
1030,28,102.0,0,0
1040,24,37.0,1,0
1041,5,152.0,1,1
1043,12,13.0,1,1
1050,26,2.0,0,0
1052,4,175.0,0,0
1054,11,152.0,0,0
1059,17,177.0,1,0
1060,3,108.0,0,0
1068,20,163.0,1,0
1070,11,95.0,1,0
1071,11,124.0,0,0
1072,22,72.0,1,1
1073,26,161.0,0,0
1075,20,50.0,0,0
1078,8,15.0,0,0
1079,24,142.0,1,0
1083,10,5.0,0,0
1084,4,168.0,1,0
1085,24,103.0,1,1
1090,8,112.0,0,0
1097,7,129.0,1,0
1098,4,66.0,0,0
1100,4,76.0,1,0
1101,10,149.0,0,0
1102,10,61.0,0,0
1107,4,142.0,1,1
1112,24,6.0,0,0
1118,23,152.0,0,0
1123,13,67.0,0,0
1125,15,96.0,0,0
1126,1,43.0,1,0
1127,19,170.0,0,0
1128,8,89.0,1,1
1146,19,168.0,1,0
1159,2,172.0,1,0
1161,0,73.0,0,0
1166,26,96.0,1,0
1169,0,158.0,1,0
1170,1,153.0,0,0
1185,17,80.0,1,0
1190,3,168.0,1,0
1201,28,128.0,1,0
1202,18,82.0,1,0
1212,6,78.0,0,0
1213,15,117.0,0,0
1214,29,127.0,1,0
1215,16,168.0,1,0
1219,28,111.0,0,0
1228,10,81.0,0,0
1232,20,100.0,0,0
1233,14,124.0,0,0
1236,4,11.0,0,0
1239,15,65.0,0,0
1240,14,58.0,1,1
1241,5,81.0,0,0
1244,6,163.0,1,0
1251,20,44.0,0,0
1252,12,68.0,1,1
1256,3,5.0,0,0
1259,16,37.0,1,0
1261,7,122.0,0,0
1262,8,154.0,0,0
1267,27,90.0,1,0
1271,23,172.0,0,0
1272,11,160.0,0,0
1274,25,132.0,1,0
1275,4,72.0,1,0
1280,21,157.0,1,0
1281,17,161.0,1,1
1283,27,68.0,1,0
1289,27,173.0,0,0
1290,10,128.0,0,0
1291,18,111.0,1,0
1292,28,71.0,0,0
1295,18,30.0,0,0
1297,23,96.0,0,0
1299,19,174.0,0,0
1301,15,49.0,0,0
1302,6,146.0,1,1
1307,23,8.0,1,0
1309,28,6.0,0,0
1310,12,44.0,0,0
1318,21,161.0,0,0
1327,13,174.0,1,0
1329,21,112.0,0,0
1334,1,178.0,0,0
1339,6,129.0,1,1
1345,29,136.0,0,0
1350,18,96.0,1,1
1352,17,60.0,0,0
1354,29,34.0,0,0
1356,29,179.0,0,0
1358,14,67.0,0,0
1360,6,155.0,0,0
1365,7,16.0,1,0
1366,5,61.0,1,0
1370,10,116.0,1,0
1381,7,99.0,1,0
1411,13,147.0,1,0
1414,17,64.0,1,1
1420,25,52.0,1,0
1424,13,63.0,0,0
1426,10,156.0,0,0
1427,22,96.0,1,1
1432,20,109.0,1,0
1433,26,57.0,0,0
1434,27,54.0,1,1
1436,10,25.0,0,0
1441,24,82.0,1,0
1443,28,142.0,0,0
1449,25,176.0,1,0
1459,24,37.0,1,1
1462,10,61.0,1,0
1465,11,151.0,1,1
1467,1,68.0,0,0
1471,11,167.0,1,0
1481,15,107.0,1,0
1482,23,13.0,0,0
1490,12,126.0,0,0
1493,29,46.0,1,0
1505,26,58.0,0,0
1507,19,107.0,0,0
1516,16,42.0,1,0
1521,20,149.0,1,0
1525,2,90.0,1,0
1533,22,122.0,1,0
1535,27,35.0,1,0
1540,14,78.0,1,0
1547,25,168.0,1,1
1552,18,69.0,0,0
1555,29,108.0,0,0
1558,19,139.0,0,0
1561,14,173.0,0,0
1571,7,52.0,0,0
1573,8,99.0,0,0
1575,13,29.0,1,0
1580,5,171.0,1,0
1581,26,64.0,0,0
1589,23,98.0,0,0
1597,18,13.0,0,0
1600,24,86.0,1,0
1611,16,149.0,0,0
1617,3,31.0,1,0
1621,3,157.0,1,0
1627,13,57.0,0,0
1645,15,87.0,1,1
1650,20,96.0,0,0
1656,6,6.0,0,0
1668,22,142.0,0,0
1670,2,18.0,0,0
1673,26,78.0,1,0
1676,3,34.0,1,0
1677,12,149.0,0,0
1680,21,130.0,0,0
1685,13,113.0,0,0
1689,22,11.0,0,0
1692,14,15.0,1,1
1693,21,99.0,0,0
1701,14,144.0,0,0
1702,15,61.0,0,0
1711,9,84.0,1,1
1713,20,132.0,1,0
1716,29,62.0,0,0
1717,3,78.0,0,0
1732,23,76.0,0,0
1739,1,114.0,0,0
1744,13,166.0,0,0
1748,23,162.0,0,0
1749,16,121.0,0,0
1764,6,152.0,0,0
1767,25,99.0,1,0
1770,17,37.0,1,0
1773,25,93.0,0,0
1774,29,132.0,0,0
1776,6,33.0,1,0
1781,11,131.0,0,0
1783,19,19.0,1,0
1786,15,108.0,1,0
1789,25,115.0,1,0
1791,6,76.0,1,0
1792,28,163.0,0,0
1793,9,38.0,0,0
1804,1,132.0,0,0
1813,10,119.0,0,0
1817,17,123.0,0,0
1821,8,77.0,0,0
1822,28,114.0,0,0
1825,13,122.0,0,0
1828,18,158.0,0,0
1835,12,87.0,1,0
1838,15,0.0,0,0
1840,7,21.0,1,0
1842,1,16.0,1,0
1856,6,160.0,0,0
1860,0,145.0,0,0
1864,0,169.0,0,0
1866,26,93.0,1,0
1872,27,106.0,0,0
1876,1,122.0,0,0
1878,16,55.0,1,0
1881,25,16.0,1,1
1882,18,156.0,0,0
1883,2,149.0,0,0
1885,23,170.0,1,0
1890,12,63.0,1,1
1891,12,119.0,0,0
1897,23,90.0,0,0
1904,21,55.0,0,0
1905,14,99.0,1,0
1908,14,171.0,1,0
1917,26,79.0,1,0
1920,29,106.0,1,0
1924,15,71.0,0,0
1927,1,37.0,1,0
1929,1,9.0,1,1
1930,25,131.0,1,0
1938,6,132.0,0,0
1940,19,94.0,0,0
1946,22,51.0,0,0
1948,20,48.0,1,1
1949,8,164.0,0,0
1952,14,58.0,1,1
1953,24,162.0,0,0
1955,2,102.0,1,0
1959,22,108.0,0,0
1964,0,28.0,0,0
1965,8,90.0,0,0
1971,15,83.0,1,1
1972,28,20.0,1,0
1975,26,179.0,0,0
1977,3,39.0,0,0
1979,18,82.0,0,0
1980,6,101.0,0,0
1982,6,60.0,1,0
1985,8,62.0,0,0
1989,13,105.0,0,0
2004,13,96.0,0,0
2008,19,134.0,1,0
2010,0,150.0,1,0
2013,17,11.0,0,0
2024,20,96.0,0,0
2026,19,97.0,1,0
2033,27,82.0,1,0
2037,26,95.0,0,0
2044,6,174.0,1,1
2047,3,36.0,0,0
2061,24,135.0,0,0
2062,15,171.0,1,0
2063,25,126.0,0,0
2064,29,177.0,1,0
2066,2,24.0,1,1
2069,7,154.0,0,0
2070,15,98.0,0,0
2071,23,98.0,1,0
2075,20,114.0,0,0
2080,2,154.0,0,0
2083,8,172.0,1,0
2090,28,58.0,0,0
2096,0,126.0,1,0
2105,27,38.0,1,0
2108,20,13.0,0,0
2111,15,176.0,0,0
2112,29,138.0,0,0
2117,22,29.0,1,1
2122,6,177.0,1,0
2125,15,14.0,0,0
2131,24,54.0,1,1
2149,19,84.0,1,0
2151,19,100.0,1,0
2157,21,166.0,0,0
2159,13,101.0,0,0
2160,16,72.0,0,0
2161,13,145.0,1,0
2166,8,165.0,1,0
2167,26,108.0,0,0
2168,1,32.0,1,0
2170,27,171.0,0,0
2175,29,8.0,0,0
2177,6,116.0,1,1
2180,4,49.0,0,0
2181,29,82.0,1,0
2182,22,63.0,1,1
2183,1,164.0,0,0
2184,9,115.0,0,0
2185,4,102.0,0,0
2186,25,41.0,0,0
2187,0,16.0,1,0
2196,27,7.0,0,0
2204,8,173.0,0,0
2213,3,141.0,0,0
2221,25,24.0,0,0
2225,17,141.0,0,0
2226,1,149.0,1,0
2230,17,23.0,0,0
2232,1,64.0,0,0
2235,7,32.0,1,1
2244,10,99.0,0,0
2247,5,17.0,0,0
2257,18,124.0,1,0
2263,7,175.0,0,0
2276,11,78.0,1,0
2278,19,145.0,1,0
2279,29,120.0,1,0
2282,25,78.0,1,0
2285,19,61.0,0,0
2287,25,89.0,0,0
2288,8,24.0,1,1
2289,10,50.0,0,0
2291,15,56.0,1,0
2295,17,144.0,0,0
2299,9,119.0,1,0
2300,15,46.0,1,0
2301,24,82.0,1,0
2308,14,40.0,1,0
2312,5,139.0,1,0
2324,21,157.0,0,0
2325,22,46.0,1,0
2330,14,1.0,0,0
2331,11,37.0,0,0
2334,16,75.0,1,0
2340,21,101.0,1,0
2347,11,135.0,0,0
2349,5,141.0,0,0
2350,29,104.0,1,0
2354,25,113.0,1,0
2358,4,21.0,0,0
2361,4,99.0,0,0
2363,22,163.0,0,0
2364,18,62.0,0,0
2382,25,18.0,0,0
2388,29,28.0,1,0
2394,19,8.0,0,0
2397,21,3.0,0,0
2400,20,80.0,0,0
2406,4,153.0,0,0
2412,4,83.0,0,0
2418,9,61.0,1,0
2420,22,159.0,0,0
2421,8,122.0,1,0
2427,24,26.0,1,0
2429,13,134.0,0,0
2434,16,131.0,0,0
2448,8,37.0,1,1
2449,29,36.0,0,0
2456,13,173.0,0,0
2463,16,168.0,0,0
2470,23,94.0,1,0
2475,29,166.0,1,0
2484,5,124.0,0,0
2486,20,165.0,1,0
2494,19,114.0,0,0
2501,11,87.0,0,0
2506,3,42.0,1,0
2514,7,34.0,0,0
2516,26,139.0,1,1
2518,21,115.0,0,0
2520,0,121.0,1,0
2522,4,121.0,0,0
2524,5,133.0,0,0
2526,14,165.0,1,0
2530,29,134.0,1,1
2531,5,179.0,0,0
2534,6,26.0,0,0
2535,18,121.0,0,0
2545,26,169.0,1,0
2554,19,89.0,1,0
2565,24,131.0,1,0
2568,19,118.0,1,0
2570,24,118.0,0,0
2571,6,177.0,1,0
2572,1,176.0,0,0
2574,17,149.0,1,1
2581,8,26.0,1,0
2588,13,179.0,0,0
2591,2,74.0,1,0
2592,6,16.0,0,0
2593,1,40.0,0,0
2594,0,68.0,0,0
2597,3,166.0,0,0
2598,1,137.0,1,0
2600,25,173.0,1,0
2602,28,80.0,0,0
2605,0,125.0,1,0
2608,1,139.0,1,1
2612,20,26.0,0,0
2615,6,26.0,1,0
2616,26,55.0,0,0
2618,24,62.0,0,0
2619,2,31.0,1,1
2624,15,155.0,1,0
2626,26,33.0,0,0
2627,20,128.0,0,0
2628,16,147.0,0,0
2630,21,113.0,1,1
2635,29,114.0,1,0
2636,22,10.0,0,0
2637,0,105.0,1,1
2639,2,155.0,0,0
2640,14,38.0,0,0
2645,26,122.0,0,0
2646,25,95.0,0,0
2649,26,8.0,0,0
2654,20,73.0,1,0
2656,10,117.0,1,1
2658,20,1.0,0,0
2660,23,3.0,0,0
2668,9,131.0,1,1
2678,5,90.0,0,0
2679,12,54.0,1,0
2685,13,126.0,0,0
2694,7,106.0,1,0
2699,4,119.0,0,0
2702,20,134.0,0,0
2722,6,1.0,0,0
2726,5,157.0,1,1
2727,21,89.0,1,1
2728,19,155.0,1,0
2753,16,37.0,0,0
2756,15,56.0,1,1
2758,15,152.0,1,1
2777,10,32.0,0,0
2787,10,139.0,0,0
2788,9,89.0,1,0
2792,6,100.0,0,0
2799,22,62.0,1,0
2802,14,12.0,1,0
2806,8,64.0,0,0
2809,5,69.0,1,1
2810,21,74.0,1,0
2811,14,45.0,0,0
2813,7,165.0,1,0
2817,28,18.0,1,1
2830,10,14.0,1,0
2832,5,176.0,1,0
2834,6,92.0,1,0
2837,26,143.0,0,0
2848,4,151.0,1,0
2850,25,13.0,0,0
2852,17,116.0,0,0
2853,12,177.0,0,0
2854,18,106.0,0,0
2861,20,29.0,1,1
2865,10,156.0,1,0
2877,6,121.0,1,0
2884,21,152.0,0,0
2888,22,5.0,0,0
2899,17,158.0,0,0
2904,15,114.0,0,0
2908,1,3.0,0,0
2910,15,150.0,1,0
2914,25,95.0,0,0
2916,28,21.0,1,0
2926,26,144.0,1,0
2928,9,1.0,0,0
2932,29,110.0,0,0
2934,13,74.0,0,0
2942,22,159.0,1,0
2943,29,32.0,0,0
2945,18,145.0,0,0
2947,16,143.0,0,0
2950,18,152.0,0,0
2953,25,174.0,1,0
2954,16,34.0,0,0
2955,15,15.0,0,0
2965,14,22.0,0,0
2968,1,140.0,0,0
2969,17,105.0,0,0
2971,26,75.0,0,0
2972,17,134.0,0,0
2975,22,91.0,1,1
2981,25,19.0,1,0
2982,20,178.0,0,0
2985,19,125.0,0,0
2990,6,87.0,0,0
2991,4,4.0,0,0
2992,24,14.0,0,0
3005,17,170.0,1,0
3006,5,116.0,0,0
3009,16,149.0,0,0
3010,18,11.0,1,0
3015,9,36.0,0,0
3016,12,179.0,0,0
3020,24,177.0,0,0
3023,17,36.0,1,0
3026,2,2.0,0,0
3027,26,22.0,0,0
3030,13,133.0,1,1
3036,20,84.0,1,1
3037,18,123.0,1,0
3049,22,54.0,0,0
3054,16,19.0,1,0
3057,16,30.0,0,0
3063,25,140.0,1,0
3066,17,27.0,0,0
3067,0,32.0,0,0
3071,20,52.0,0,0
3072,10,70.0,0,0
3075,14,15.0,0,0
3082,20,168.0,1,0
3083,22,77.0,0,0
3084,16,51.0,1,1
3087,29,162.0,0,0
3088,0,82.0,0,0
3094,3,25.0,0,0
3098,12,106.0,0,0
3103,20,11.0,0,0
3105,10,103.0,1,0
3112,13,96.0,1,0
3116,3,66.0,0,0
3119,28,94.0,0,0
3130,17,48.0,0,0
3135,22,1.0,0,0
3144,6,55.0,1,1
3146,12,32.0,0,0
3151,18,164.0,1,0
3159,6,142.0,0,0
3169,4,68.0,0,0
3174,2,130.0,0,0
3175,10,111.0,0,0
3176,16,110.0,1,1
3190,1,45.0,1,0
3191,15,81.0,0,0
3195,25,70.0,1,0
3197,17,80.0,1,0
3199,14,162.0,0,0
3205,11,56.0,0,0
3206,10,53.0,1,0
3208,15,98.0,1,0
3221,4,10.0,0,0
3224,22,69.0,1,1
3225,2,156.0,1,0
3229,13,48.0,0,0
3234,13,132.0,1,0
3245,0,146.0,1,1
3251,0,85.0,0,0
3254,10,53.0,1,0
3255,15,151.0,1,1
3262,27,5.0,0,0
3266,16,30.0,0,0
3275,17,49.0,0,0
3284,13,129.0,0,0
3287,5,156.0,1,1
3288,15,140.0,0,0
3289,17,33.0,1,1
3310,13,155.0,0,0
3312,7,102.0,1,0
3313,15,28.0,1,1
3318,29,53.0,1,0
3319,6,112.0,0,0
3320,18,28.0,1,0
3325,10,158.0,1,0
3337,17,133.0,0,0
3338,3,95.0,1,1
3339,9,146.0,1,0
3346,19,41.0,0,0
3349,14,121.0,1,0
3352,27,25.0,1,0
3356,17,44.0,1,0
3359,13,133.0,1,0
3369,29,92.0,1,1
3371,6,117.0,1,1
3374,25,62.0,1,0
3377,29,95.0,0,0
3381,26,159.0,1,0
3384,23,155.0,0,0
3387,16,57.0,1,1
3388,5,67.0,1,0
3390,19,126.0,0,0
3391,11,152.0,1,1
3393,20,132.0,0,0
3399,4,149.0,0,0
3413,2,13.0,0,0
3415,21,17.0,1,0
3417,21,44.0,0,0
3418,20,160.0,1,1
3419,25,140.0,0,0
3420,10,166.0,0,0
3433,9,158.0,1,0
3446,0,16.0,1,1
3447,8,108.0,0,0
3450,2,92.0,0,0
3457,6,27.0,1,1
3458,11,97.0,1,0
3459,15,176.0,1,0
3473,15,120.0,1,1
3477,20,123.0,1,0
3479,21,143.0,0,0
3480,19,73.0,1,0
3482,28,153.0,0,0
3486,23,169.0,1,0
3487,7,10.0,1,0
3489,27,167.0,1,0
3490,15,26.0,0,0
3492,28,116.0,1,0
3494,1,106.0,0,0
3495,0,146.0,1,0
3498,17,23.0,0,0
3499,27,11.0,0,0
3511,4,150.0,0,0
3512,4,164.0,0,0
3518,22,42.0,1,0
3524,11,54.0,1,0
3526,21,178.0,1,0
3533,13,141.0,0,0
3537,19,172.0,0,0
3539,29,15.0,0,0
3542,17,69.0,0,0
3545,26,123.0,0,0
3547,8,136.0,0,0
3551,8,100.0,1,0
3565,13,76.0,1,0
3567,1,71.0,0,0
3568,28,55.0,0,0
3571,29,137.0,0,0
3573,1,43.0,0,0
3574,8,61.0,1,1
3576,11,158.0,1,1
3578,29,106.0,1,1
3580,26,175.0,0,0
3581,22,17.0,1,0
3584,21,91.0,0,0
3585,19,137.0,1,1
3589,13,4.0,0,0
3590,6,2.0,0,0
3594,20,34.0,0,0
3599,5,140.0,0,0
3603,7,165.0,0,0
3605,7,168.0,1,0
3612,24,98.0,0,0
3613,17,160.0,1,1
3618,6,120.0,1,0
3619,22,15.0,1,0
3626,14,80.0,0,0
3631,15,96.0,0,0
3635,8,129.0,0,0
3643,4,164.0,0,0
3653,3,60.0,1,0
3655,20,43.0,0,0
3662,28,154.0,0,0
3665,1,73.0,0,0
3666,28,28.0,0,0
3668,10,97.0,0,0
3671,2,108.0,1,0
3674,5,63.0,1,0
3682,4,156.0,1,1
3683,24,14.0,1,0
3685,22,174.0,0,0
3693,22,126.0,1,0
3694,10,122.0,1,0
3698,0,131.0,1,1
3699,5,49.0,0,0
3700,17,90.0,1,1
3704,16,162.0,0,0
3705,15,132.0,0,0
3707,12,94.0,0,0
3709,16,154.0,1,0
3716,23,53.0,1,0
3717,16,9.0,0,0
3727,8,80.0,0,0
3728,5,122.0,1,0
3731,6,174.0,1,0
3732,26,88.0,0,0
3744,17,93.0,0,0
3748,18,176.0,0,0
3751,1,52.0,0,0
3755,5,87.0,0,0
3757,19,157.0,0,0
3760,27,52.0,1,1
3761,17,155.0,1,0
3766,9,152.0,1,0
3769,0,114.0,1,1
3778,28,137.0,0,0
3808,17,105.0,0,0
3810,4,27.0,1,0
3817,4,178.0,1,1
3822,24,49.0,0,0
3823,4,13.0,0,0
3827,21,56.0,0,0
3835,27,31.0,0,0
3845,9,100.0,1,1
3847,16,145.0,1,1
3848,6,152.0,1,0
3854,7,7.0,0,0
3855,25,131.0,0,0
3856,2,178.0,1,0
3879,17,132.0,0,0
3881,16,37.0,0,0
3883,21,157.0,1,0
3886,19,31.0,1,0
3893,24,144.0,1,1
3896,27,174.0,0,0
3904,21,130.0,0,0
3906,12,160.0,0,0
3912,23,52.0,0,0
3917,22,169.0,1,0
3922,21,30.0,1,0
3931,3,146.0,0,0
3937,15,94.0,0,0
3941,18,115.0,0,0
3942,5,168.0,0,0
3943,17,68.0,0,0
3944,26,177.0,1,0
3952,13,97.0,0,0
3962,14,81.0,1,0
3963,15,57.0,1,0
4003,2,159.0,1,0
4010,23,97.0,0,0
4029,12,170.0,0,0
4032,18,41.0,0,0
4038,14,0.0,0,0
4039,13,97.0,0,0
4040,24,108.0,1,0
4042,18,174.0,1,1
4045,19,50.0,0,0
4046,5,37.0,0,0
4051,1,60.0,0,0
4055,7,141.0,0,0
4058,21,27.0,1,0
4068,8,12.0,1,0
4084,5,112.0,0,0
4090,3,129.0,1,1
4094,10,69.0,0,0
4098,12,91.0,0,0
4105,15,33.0,1,1
4108,5,12.0,1,1
4109,0,65.0,1,1
4112,13,8.0,0,0
4114,25,60.0,0,0
4115,22,130.0,0,0
4120,7,146.0,0,0
4121,19,8.0,1,0
4127,15,12.0,1,0
4128,10,44.0,0,0
4129,17,52.0,0,0
4130,11,153.0,1,0
4137,5,98.0,1,0
4138,20,27.0,0,0
4139,24,88.0,0,0
4140,0,5.0,0,0
4141,5,165.0,1,0
4147,29,90.0,0,0
4165,19,89.0,0,0
4169,5,68.0,1,0
4173,0,8.0,0,0
4174,11,28.0,0,0
4178,13,12.0,0,0
4180,18,136.0,1,1
4183,22,141.0,1,0
4194,25,38.0,0,0
4205,14,105.0,0,0
4213,2,20.0,1,0
4220,19,117.0,0,0
4221,29,107.0,1,1
4222,3,122.0,0,0
4225,15,179.0,1,0
4230,0,124.0,1,0
4235,20,101.0,1,0
4245,24,151.0,1,1
4254,11,61.0,1,0
4255,9,13.0,0,0
4261,29,102.0,0,0
4266,21,171.0,1,1
4270,0,131.0,0,0
4271,26,75.0,0,0
4278,28,49.0,0,0
4287,1,22.0,1,0
4288,18,24.0,0,0
4291,27,32.0,1,0
4295,2,159.0,0,0
4297,16,88.0,1,0
4299,16,19.0,0,0
4302,6,130.0,0,0
4303,17,124.0,0,0
4304,15,37.0,0,0
4305,1,56.0,1,1
4307,19,109.0,0,0
4311,12,13.0,0,0
4313,28,41.0,0,0
4314,19,80.0,0,0
4317,11,167.0,0,0
4321,20,166.0,1,0
4333,24,113.0,0,0
4355,19,143.0,1,0
4367,9,64.0,0,0
4369,16,45.0,0,0
4372,28,178.0,0,0
4374,19,38.0,1,1
4376,9,11.0,0,0
4380,4,47.0,0,0
4381,13,82.0,1,1
4390,17,163.0,1,0
4400,28,35.0,0,0
4402,25,52.0,0,0
4407,7,6.0,0,0
4414,27,73.0,1,0
4416,18,6.0,0,0
4419,15,45.0,0,0
4421,1,74.0,1,1
4422,15,109.0,0,0
4423,23,112.0,1,1
4429,3,122.0,0,0
4434,17,17.0,0,0
4439,28,175.0,1,0
4441,21,24.0,0,0
4442,13,154.0,1,0
4458,8,104.0,0,0
4468,15,134.0,0,0
4469,10,59.0,1,0
4474,3,32.0,0,0
4476,9,120.0,1,0
4483,11,44.0,0,0
4484,19,57.0,1,0
4485,9,127.0,0,0
4489,21,4.0,0,0
4494,20,92.0,0,0
4500,4,54.0,1,1
4512,7,176.0,1,1
4513,16,62.0,0,0
4519,28,153.0,1,0
4524,19,129.0,1,0
4531,12,97.0,1,1
4532,0,171.0,0,0
4534,17,106.0,1,0
4543,5,149.0,0,0
4545,0,76.0,1,0
4547,4,141.0,0,0
4548,14,173.0,1,1
4551,8,58.0,1,0
4562,17,102.0,1,1
4572,6,40.0,1,0
4583,22,106.0,1,0
4585,12,138.0,0,0
4587,5,97.0,0,0
4591,27,59.0,0,0
4593,3,174.0,0,0
4594,8,62.0,1,0
4600,19,149.0,0,0
4602,15,0.0,0,0
4606,12,21.0,0,0
4607,5,127.0,1,0
4610,23,91.0,0,0
4612,29,17.0,1,0
4613,20,47.0,1,1
4618,28,83.0,1,0
4622,15,27.0,0,0
4631,29,79.0,0,0
4635,16,41.0,1,0
4641,3,171.0,0,0
4650,16,171.0,0,0
4652,28,88.0,0,0
4654,9,67.0,1,1
4670,22,149.0,1,0
4673,12,105.0,0,0
4679,2,90.0,0,0
4688,17,47.0,1,0
4689,11,159.0,0,0
4693,22,54.0,1,0
4697,22,76.0,1,0
4700,23,8.0,0,0
4705,13,142.0,0,0
4708,0,55.0,0,0
4712,15,74.0,1,1
4716,22,179.0,0,0
4722,13,59.0,0,0
4723,13,91.0,0,0
4729,28,27.0,1,0
4730,3,90.0,0,0
4737,17,124.0,1,0
4740,16,57.0,0,0
4741,27,144.0,0,0
4743,3,62.0,0,0
4745,17,67.0,1,0
4747,25,80.0,0,0
4749,29,166.0,0,0
4762,5,60.0,1,0
4764,9,41.0,0,0
4772,24,68.0,0,0
4778,4,23.0,0,0
4783,12,72.0,1,0
4793,16,115.0,0,0
4794,5,110.0,0,0
4795,20,152.0,0,0
4799,2,77.0,1,0
4802,11,179.0,1,0
4809,8,157.0,1,1
4810,3,129.0,0,0
4815,25,78.0,1,1
4821,14,25.0,1,0
4829,9,158.0,0,0
4837,10,117.0,1,0
4843,12,73.0,0,0
4846,6,169.0,1,0
4853,22,36.0,0,0
4855,25,161.0,0,0
4856,0,44.0,1,0
4857,24,119.0,0,0
4863,29,126.0,0,0
4865,14,46.0,0,0
4866,14,125.0,0,0
4879,12,179.0,0,0
4880,9,83.0,0,0
4885,8,108.0,0,0
4886,14,2.0,0,0
4895,14,114.0,0,0
4896,15,114.0,1,0
4903,5,127.0,0,0
4904,11,70.0,1,1
4912,22,176.0,0,0
4916,27,78.0,1,0
4917,13,99.0,1,1
4920,0,84.0,0,0
4921,6,136.0,1,0
4925,7,13.0,1,1
4927,24,45.0,1,0
4936,18,3.0,0,0
4942,15,175.0,1,0
4943,12,122.0,1,1
4947,2,17.0,0,0
4949,6,62.0,1,0
4953,24,64.0,1,0
4956,8,122.0,0,0
4960,12,84.0,1,0
4961,12,151.0,1,0
4963,21,57.0,0,0
4964,8,137.0,0,0
4966,4,59.0,1,0
4968,24,8.0,0,0
4970,25,91.0,1,0
4973,27,60.0,1,0
4975,15,130.0,0,0
4985,18,76.0,1,0
4988,29,140.0,0,0
4990,3,15.0,0,0
4991,1,130.0,0,0
4999,16,36.0,1,0
5001,0,148.0,1,0
5009,28,20.0,0,0
5016,1,24.0,0,0
5017,5,12.0,0,0
5019,29,45.0,1,1
5022,29,85.0,1,0
5024,19,165.0,1,0
5032,27,163.0,0,0
5041,24,138.0,1,1
5045,0,20.0,1,0
5046,22,52.0,1,0
5050,14,100.0,1,1
5052,20,36.0,1,0
5053,3,94.0,0,0
5059,17,49.0,1,1
5061,20,176.0,0,0
5065,3,140.0,0,0
5067,27,63.0,0,0
5075,18,32.0,0,0
5076,21,77.0,0,0
5077,20,81.0,0,0
5078,28,157.0,1,0
5079,17,72.0,0,0
5086,13,60.0,1,0
5090,28,99.0,0,0
5095,26,37.0,1,0
5098,0,28.0,0,0
5101,18,173.0,0,0
5102,11,95.0,0,0
5110,24,123.0,1,0
5115,9,79.0,0,0
5118,29,107.0,0,0
5132,14,47.0,1,1
5138,28,126.0,0,0
5140,23,44.0,1,0
5154,19,88.0,0,0
5158,0,87.0,1,0
5169,28,33.0,1,1
5172,3,141.0,1,0
5173,13,173.0,0,0
5178,24,176.0,0,0
5183,25,146.0,1,1
5193,17,134.0,1,0
5194,1,60.0,1,0
5202,15,122.0,0,0
5203,6,61.0,1,0
5204,21,169.0,1,1
5206,15,89.0,1,0
5213,27,146.0,0,0
5216,2,22.0,0,0
5219,27,58.0,1,0
5220,9,33.0,1,0
5222,8,147.0,1,0
5225,22,141.0,0,0
5226,14,159.0,1,0
5227,1,48.0,0,0
5228,19,56.0,1,0
5237,1,177.0,1,0
5246,20,163.0,0,0
5249,10,43.0,1,1
5257,16,133.0,0,0
5259,29,26.0,0,0
5268,15,120.0,1,0
5269,21,95.0,0,0
5275,9,51.0,1,0
5281,22,33.0,1,1
5282,12,107.0,0,0
5286,29,171.0,0,0
5287,18,168.0,1,0
5288,10,29.0,0,0
5291,20,44.0,0,0
5292,4,115.0,0,0
5295,27,123.0,0,0
5297,1,92.0,0,0
5299,25,101.0,0,0
5300,5,21.0,1,0
5303,6,159.0,0,0
5308,5,7.0,0,0
5310,27,177.0,0,0
5314,18,104.0,0,0
5315,16,87.0,1,0
5317,6,74.0,0,0
5320,26,114.0,0,0
5324,14,104.0,0,0
5331,17,52.0,0,0
5335,7,9.0,1,0
5336,10,8.0,1,0
5337,17,26.0,1,1
5349,16,109.0,0,0
5351,10,156.0,1,0
5353,28,48.0,0,0
5357,8,107.0,1,0
5359,0,91.0,0,0
5360,22,2.0,0,0
5370,16,164.0,0,0
5373,23,163.0,1,0
5378,18,122.0,1,0
5385,12,174.0,1,0
5386,1,129.0,1,0
5387,23,1.0,0,0
5388,8,153.0,1,0
5389,6,29.0,1,1
5392,20,124.0,0,0
5395,9,17.0,0,0
5396,18,130.0,0,0
5398,24,158.0,0,0
5399,1,164.0,0,0
5403,0,137.0,1,0
5405,1,106.0,0,0
5407,3,114.0,1,0
5410,29,103.0,0,0
5411,26,17.0,0,0
5413,23,119.0,0,0
5416,21,175.0,0,0
5417,27,109.0,1,0
5426,19,97.0,1,0
5433,7,92.0,1,1
5438,1,113.0,1,0
5439,7,148.0,1,1
5440,28,98.0,1,0
5441,11,78.0,0,0
5447,17,106.0,1,0
5450,0,133.0,0,0
5456,18,138.0,1,0
5458,12,16.0,1,0
5463,25,38.0,1,0
5470,23,92.0,1,0
5471,1,161.0,1,0
5476,14,120.0,1,1
5477,16,125.0,0,0
5481,9,113.0,1,0
5482,19,57.0,1,0
5483,21,55.0,1,0
5486,0,32.0,1,0
5491,23,62.0,0,0
5493,3,44.0,1,0
5503,27,45.0,1,0
5505,27,139.0,0,0
5510,25,100.0,0,0
5515,10,72.0,0,0
5516,21,48.0,0,0
5520,21,48.0,1,0
5522,6,153.0,0,0
5540,28,129.0,1,0
5542,4,31.0,0,0
5545,3,45.0,1,0
5548,12,62.0,0,0
5549,5,117.0,1,1
5553,23,142.0,0,0
5557,9,33.0,1,0
5562,26,61.0,0,0
5565,18,110.0,1,0
5569,15,71.0,0,0
5572,27,28.0,1,0
5574,17,127.0,0,0
5580,24,167.0,1,1
5594,7,27.0,0,0
5598,1,116.0,0,0
5604,6,69.0,1,0
5619,0,13.0,0,0
5621,20,28.0,0,0
5622,22,27.0,0,0
5624,2,65.0,1,0
5625,26,106.0,0,0
5626,9,25.0,0,0
5640,25,63.0,0,0
5644,0,120.0,1,0
5649,5,116.0,1,0
5651,6,15.0,1,0
5663,2,154.0,1,0
5664,10,1.0,0,0
5665,2,126.0,1,0
5670,7,122.0,0,0
5673,29,107.0,1,0
5677,27,62.0,0,0
5681,29,145.0,1,0
5694,11,138.0,0,0
5700,18,126.0,1,0
5701,12,81.0,0,0
5706,0,44.0,1,0
5712,4,8.0,1,0
5713,18,177.0,1,0
5714,12,153.0,0,0
5721,21,78.0,1,0
5723,21,133.0,0,0
5727,10,169.0,1,0
5728,10,72.0,0,0
5750,13,4.0,0,0
5752,26,84.0,0,0
5753,24,57.0,1,1
5754,23,170.0,0,0
5760,1,117.0,0,0
5763,13,23.0,1,0
5769,13,140.0,1,0
5773,16,11.0,0,0
5776,20,54.0,1,1
5785,10,65.0,0,0
5786,2,149.0,0,0
5787,7,172.0,0,0
5788,1,108.0,0,0
5790,4,87.0,1,1
5792,0,13.0,1,0
5794,17,121.0,0,0
5798,28,123.0,1,0
5805,11,79.0,1,1
5806,17,150.0,0,0
5808,0,122.0,1,0
5809,21,78.0,0,0
5810,0,19.0,1,0
5816,17,75.0,1,1
5819,1,67.0,1,1
5820,25,28.0,1,0
5830,17,66.0,1,1
5837,22,168.0,1,0
5841,18,125.0,0,0
5847,7,150.0,0,0
5856,26,160.0,0,0
5857,3,84.0,0,0
5862,0,87.0,0,0
5865,25,0.0,0,0
5866,13,130.0,0,0
5872,25,149.0,0,0
5875,9,113.0,0,0
5878,17,136.0,0,0
5880,19,12.0,0,0
5881,7,143.0,0,0
5882,27,167.0,1,1
5889,23,109.0,0,0
5900,5,85.0,1,0
5905,17,129.0,1,1
5910,12,60.0,1,0
5915,8,126.0,0,0
5918,10,82.0,1,0
5919,15,98.0,0,0
5925,16,146.0,1,0
5927,3,143.0,1,0
5929,29,141.0,0,0
5931,17,166.0,0,0
5934,9,52.0,1,0
5938,24,126.0,1,0
5939,13,34.0,0,0
5945,7,176.0,0,0
5947,21,48.0,1,0
5948,11,145.0,1,0
5949,7,88.0,1,0
5955,27,105.0,0,0
5958,7,42.0,0,0
5965,14,91.0,1,0
5966,20,148.0,1,1
5969,29,129.0,0,0
5972,28,58.0,1,0
5973,26,37.0,1,0
5984,7,129.0,0,0
5988,11,125.0,1,1
6001,5,24.0,1,0
6004,24,51.0,0,0
6007,9,56.0,0,0
6010,22,20.0,1,0
6011,6,23.0,0,0
6026,10,50.0,1,1
6028,14,50.0,0,0
6036,23,157.0,0,0
6043,24,71.0,1,0
6049,8,100.0,1,0
6060,21,100.0,0,0
6062,0,41.0,0,0
6066,5,118.0,0,0
6068,14,55.0,0,0
6069,11,73.0,1,0
6072,2,28.0,0,0
6074,21,132.0,0,0
6079,23,177.0,0,0
6081,12,64.0,1,0
6086,25,11.0,0,0
6093,2,31.0,1,0
6096,6,161.0,1,0
6100,13,106.0,1,0
6102,8,12.0,1,0
6105,12,113.0,0,0
6108,4,92.0,0,0
6116,12,87.0,1,0
6118,8,26.0,0,0
6123,26,172.0,0,0
6128,1,21.0,1,0
6129,20,139.0,1,0
6130,5,93.0,0,0
6132,4,130.0,0,0
6133,17,128.0,0,0
6140,18,171.0,1,0
6143,16,136.0,1,1
6144,8,121.0,0,0
6145,3,108.0,1,0
6147,18,165.0,0,0
6154,13,178.0,0,0
6156,8,40.0,1,0
6159,15,91.0,0,0
6160,6,89.0,1,0
6165,15,108.0,0,0
6171,28,83.0,0,0
6172,9,78.0,1,0
6174,10,151.0,0,0
6181,4,176.0,1,0
6185,15,44.0,1,0
6186,12,143.0,1,0
6187,11,53.0,0,0
6188,15,66.0,0,0
6190,13,132.0,0,0
6194,15,143.0,0,0
6195,14,20.0,0,0
6196,28,104.0,0,0
6200,11,5.0,0,0
6201,12,121.0,0,0
6203,7,110.0,1,0
6214,22,52.0,0,0
6218,3,83.0,1,0
6220,18,52.0,0,0
6227,24,82.0,0,0
6230,5,109.0,1,0
6236,29,82.0,0,0
6240,24,21.0,1,1
6241,6,152.0,0,0
6243,11,150.0,0,0
6244,19,64.0,1,1
6248,4,23.0,0,0
6251,16,96.0,0,0
6253,24,67.0,0,0
6254,24,54.0,1,0
6260,15,147.0,1,0
6261,7,119.0,1,1
6268,6,37.0,1,0
6272,23,169.0,0,0
6282,2,59.0,1,0
6285,0,77.0,0,0
6291,16,120.0,1,0
6294,8,79.0,0,0
6300,3,25.0,1,0
6306,20,22.0,1,0
6312,16,108.0,0,0
6315,9,157.0,0,0
6316,21,139.0,1,1
6318,24,170.0,1,0
6326,7,125.0,1,0
6334,8,61.0,0,0
6349,8,170.0,0,0
6352,17,131.0,1,1
6357,7,20.0,1,0
6358,15,177.0,0,0
6360,22,97.0,1,1
6362,23,141.0,1,0
6363,25,23.0,0,0
6369,21,124.0,1,1
6373,0,66.0,0,0
6376,25,35.0,0,0
6379,6,137.0,1,0
6385,4,169.0,1,0
6386,20,124.0,1,0
6388,22,70.0,0,0
6393,1,131.0,1,0
6394,25,92.0,1,0
6405,1,23.0,0,0
6412,21,139.0,1,1
6414,0,15.0,0,0
6415,10,131.0,0,0
6419,13,98.0,0,0
6421,0,54.0,1,0
6430,22,178.0,0,0
6431,6,99.0,1,1
6435,6,17.0,0,0
6438,16,5.0,0,0
6441,14,118.0,1,0
6444,18,107.0,1,0
6445,21,46.0,1,0
6447,25,139.0,1,0
6449,14,36.0,0,0
6450,29,93.0,0,0
6462,5,11.0,0,0
6473,19,111.0,1,0
6476,16,73.0,0,0
6479,25,91.0,0,0
6481,2,170.0,0,0
6484,3,63.0,0,0
6486,29,118.0,1,0
6487,11,135.0,0,0
6489,22,96.0,0,0
6496,1,173.0,0,0
6510,26,124.0,0,0
6518,5,88.0,1,0
6525,8,151.0,0,0
6536,28,109.0,0,0
6547,19,87.0,0,0
6549,16,68.0,1,1
6553,15,87.0,0,0
6555,22,3.0,0,0
6561,7,94.0,0,0
6564,29,62.0,0,0
6568,21,86.0,1,0
6573,14,49.0,0,0
6574,8,115.0,0,0
6575,29,66.0,0,0
6579,6,144.0,0,0
6580,11,131.0,0,0
6594,0,22.0,0,0
6595,1,87.0,1,0
6601,21,67.0,1,0
6605,9,72.0,0,0
6607,3,133.0,0,0
6611,7,127.0,0,0
6614,25,38.0,1,0
6616,5,135.0,0,0
6619,13,176.0,0,0
6626,5,81.0,1,0
6631,11,154.0,1,1
6644,1,91.0,0,0
6645,15,103.0,1,1
6649,8,17.0,1,1
6652,21,4.0,0,0
6664,8,29.0,0,0
6670,19,72.0,0,0
6671,28,31.0,1,1
6678,16,117.0,0,0
6682,16,115.0,0,0
6685,24,150.0,0,0
6689,1,176.0,1,0
6690,14,42.0,1,0
6693,27,107.0,0,0
6694,18,98.0,1,0
6698,8,173.0,1,0
6710,7,90.0,0,0
6720,14,6.0,0,0
6722,9,79.0,1,0
6734,19,91.0,0,0
6737,21,19.0,1,0
6738,16,113.0,0,0
6741,9,38.0,1,1
6744,11,28.0,1,1
6745,14,126.0,0,0
6751,6,96.0,1,1
6755,27,6.0,0,0
6756,17,36.0,1,1
6765,10,55.0,1,1
6766,26,63.0,1,1
6768,4,139.0,0,0
6772,18,64.0,0,0
6774,11,74.0,1,1
6777,6,115.0,1,0
6778,21,105.0,0,0
6779,18,82.0,0,0
6793,21,158.0,0,0
6794,17,171.0,1,1
6797,21,0.0,0,0
6798,18,121.0,0,0
6799,8,155.0,1,0
6802,20,145.0,1,0
6810,10,52.0,0,0
6817,10,7.0,0,0
6818,27,66.0,1,0
6822,5,142.0,1,0
6830,1,31.0,0,0
6833,28,97.0,0,0
6846,5,47.0,0,0
6854,17,120.0,1,1
6855,26,9.0,0,0
6856,8,16.0,0,0
6860,19,55.0,1,1
6862,1,20.0,1,0
6866,24,99.0,1,0
6868,25,149.0,0,0
6875,18,17.0,0,0
6878,22,178.0,0,0
6880,9,21.0,1,0
6885,20,74.0,0,0
6888,0,70.0,1,1
6890,8,166.0,0,0
6895,4,64.0,1,0
6897,2,103.0,0,0
6905,18,158.0,0,0
6906,1,141.0,1,1
6913,23,179.0,0,0
6918,8,109.0,1,0
6921,29,14.0,1,0
6932,8,27.0,1,1
6934,22,74.0,1,0
6938,21,23.0,0,0
6939,17,47.0,1,1
6951,24,96.0,0,0
6960,14,3.0,0,0
6961,5,55.0,1,1
6972,22,151.0,0,0
6977,13,12.0,1,0
6981,5,68.0,1,0
6982,10,72.0,1,0
6985,13,93.0,1,0
6988,8,163.0,0,0
6991,2,32.0,1,0
6992,11,16.0,1,0
7001,5,166.0,0,0
7002,15,45.0,0,0
7010,7,34.0,0,0
7013,10,45.0,0,0
7016,27,93.0,1,1
7017,22,71.0,1,0
7018,5,140.0,1,0
7020,19,33.0,0,0
7022,22,144.0,1,0
7026,26,36.0,0,0
7032,9,129.0,1,0
7039,3,74.0,1,0
7042,27,27.0,0,0
7047,11,97.0,0,0
7052,22,51.0,1,0
7055,20,20.0,0,0
7061,10,141.0,0,0
7063,15,8.0,1,0
7064,24,155.0,1,0
7065,9,162.0,0,0
7076,16,137.0,1,0
7079,14,10.0,0,0
7083,17,75.0,1,1
7086,18,102.0,0,0
7087,3,107.0,0,0
7090,25,32.0,0,0
7094,6,173.0,0,0
7099,25,172.0,0,0
7100,11,23.0,0,0
7107,19,66.0,1,0
7108,21,85.0,1,0
7110,20,59.0,0,0
7112,22,11.0,0,0
7115,10,72.0,0,0
7116,26,37.0,0,0
7121,13,45.0,1,1
7128,16,149.0,1,0
7129,11,112.0,0,0
7130,28,118.0,1,1
7132,19,121.0,1,0
7137,23,70.0,1,0
7138,17,30.0,1,0
7140,18,42.0,0,0
7142,24,20.0,0,0
7147,27,151.0,1,1
7153,2,121.0,1,1
7154,25,6.0,0,0
7158,29,152.0,0,0
7161,28,14.0,0,0
7163,19,123.0,0,0
7167,14,80.0,1,0
7168,28,24.0,0,0
7171,0,86.0,0,0
7179,29,70.0,0,0
7181,28,56.0,1,0
7188,7,10.0,1,0
7190,22,162.0,1,0
7191,11,2.0,0,0
7194,20,104.0,0,0
7198,19,29.0,0,0
7200,0,61.0,1,0
7201,17,122.0,1,0
7202,13,99.0,0,0
7210,10,19.0,0,0
7211,16,64.0,0,0
7215,17,177.0,0,0
7220,15,106.0,1,0
7227,3,19.0,1,1
7229,4,46.0,1,0
7231,8,1.0,0,0
7233,19,145.0,1,1
7238,0,9.0,1,0
7239,16,26.0,1,1
7241,12,83.0,0,0
7242,1,156.0,1,0
7243,22,3.0,0,0
7244,6,175.0,1,0
7256,15,169.0,1,0
7271,18,127.0,0,0
7274,0,148.0,1,1
7278,19,56.0,1,0
7279,29,30.0,1,0
7286,25,115.0,0,0
7289,5,140.0,0,0
7291,0,95.0,0,0
7297,21,16.0,0,0
7298,2,6.0,0,0
7300,24,58.0,1,1
7301,9,24.0,0,0
7305,1,10.0,0,0
7311,11,164.0,0,0
7316,6,175.0,1,0
7333,25,153.0,0,0
7334,15,164.0,0,0
7343,8,95.0,0,0
7344,10,128.0,1,0
7346,3,109.0,1,0
7353,16,30.0,1,0
7354,11,110.0,1,0
7357,27,166.0,1,0
7364,9,87.0,1,1
7371,16,51.0,1,0
7372,12,19.0,1,1
7374,5,137.0,1,0
7379,11,130.0,0,0
7384,9,100.0,1,0
7388,1,135.0,0,0
7394,17,15.0,1,0
7397,25,46.0,0,0
7398,0,85.0,0,0
7399,8,50.0,0,0
7408,26,11.0,1,0
7410,24,144.0,0,0
7413,7,74.0,1,0
7414,19,130.0,0,0
7423,5,23.0,0,0
7428,24,144.0,1,0
7429,12,75.0,0,0
7435,25,83.0,1,0
7439,11,26.0,1,0
7443,24,11.0,1,0
7445,11,62.0,1,0
7460,17,165.0,1,0
7464,22,128.0,0,0
7465,27,92.0,1,0
7470,28,110.0,1,0
7476,13,110.0,1,0
7477,2,89.0,0,0
7478,28,121.0,0,0
7488,1,19.0,0,0
7490,14,158.0,1,1
7493,10,130.0,1,1
7495,28,115.0,0,0
7497,12,83.0,1,0
7509,3,141.0,0,0
7511,16,107.0,0,0
7515,18,94.0,1,1
7519,5,118.0,0,0
7529,29,14.0,1,1
7541,23,90.0,0,0
7544,17,43.0,0,0
7546,10,45.0,1,0
7551,7,142.0,0,0
7555,1,56.0,0,0
7575,5,140.0,1,0
7587,2,151.0,0,0
7595,13,22.0,1,0
7597,26,167.0,0,0
7599,27,34.0,1,0
7600,29,105.0,1,0
7618,8,77.0,0,0
7620,29,174.0,1,1
7626,3,117.0,0,0
7627,6,139.0,1,1
7632,24,78.0,0,0
7635,1,21.0,0,0
7637,19,135.0,0,0
7639,6,127.0,1,0
7644,24,7.0,0,0
7645,3,46.0,1,1
7647,25,121.0,0,0
7654,24,157.0,1,0
7663,1,142.0,1,0
7669,19,50.0,1,0
7671,0,151.0,1,0
7674,19,110.0,1,0
7675,12,43.0,0,0
7693,7,57.0,1,0
7695,24,75.0,0,0
7697,18,159.0,1,0
7705,0,38.0,1,1
7707,0,94.0,1,0
7709,10,9.0,1,0
7712,0,91.0,0,0
7713,1,145.0,1,0
7719,28,32.0,1,0
7728,2,22.0,0,0
7732,14,143.0,1,0
7735,18,63.0,1,1
7737,6,169.0,0,0
7750,23,69.0,0,0
7751,7,176.0,0,0
7754,6,107.0,1,1
7757,1,94.0,1,0
7766,5,173.0,1,0
7773,16,147.0,0,0
7774,28,37.0,1,1
7777,3,62.0,0,0
7778,22,43.0,0,0
7786,21,13.0,0,0
7790,7,152.0,1,0
7792,0,82.0,0,0
7797,28,164.0,0,0
7799,21,52.0,0,0
7801,15,15.0,0,0
7802,28,95.0,0,0
7804,19,145.0,1,0
7805,17,42.0,0,0
7806,24,104.0,0,0
7808,19,80.0,0,0
7813,28,47.0,0,0
7814,6,72.0,0,0
7815,7,90.0,1,0
7821,11,32.0,1,0
7823,29,179.0,1,0
7834,10,58.0,0,0
7836,15,169.0,0,0
7838,3,149.0,1,1
7841,12,76.0,1,0
7844,10,10.0,0,0
7847,26,109.0,0,0
7853,1,159.0,1,0
7855,2,38.0,0,0
7859,2,19.0,1,0
7864,17,78.0,1,0
7865,0,94.0,0,0
7876,14,94.0,0,0
7890,24,159.0,1,0
7905,11,34.0,1,0
7909,28,65.0,1,0
7911,18,161.0,1,0
7912,16,52.0,1,0
7925,11,101.0,0,0
7927,14,137.0,0,0
7931,13,36.0,1,0
7932,1,99.0,0,0
7933,5,26.0,0,0
7935,12,34.0,1,0
7937,6,77.0,0,0
7938,0,103.0,0,0
7945,1,56.0,1,1
7946,13,157.0,0,0
7953,23,56.0,0,0
7954,25,104.0,0,0
7965,16,167.0,1,1
7966,29,56.0,1,1
7974,4,107.0,1,0
7976,29,51.0,1,0
7977,8,112.0,0,0
7980,26,160.0,0,0
7985,20,25.0,0,0
7987,24,101.0,1,0
7990,27,60.0,0,0
7992,2,31.0,1,1
