pid,mod_stage,t1_sdbs_01,t1_sdbs_02,t1_sdbs_03,t1_sdbs_04,t1_sdbs_05,t1_sdbs_06,t1_sdbs_07,t1_sdbs_08,t1_sdbs_09,t1_sdbs_10,t1_sdbs_11,t1_sdbs_12,t1_sdbs_13,t1_sdbs_14,t1_sdbs_15,t1_sdbs_16,t1_sdbs_17,t1_sdbs_18,t1_sdbs_19,t1_sdbs_20,t2_sdbs_01,t2_sdbs_02,t2_sdbs_03,t2_sdbs_04,t2_sdbs_05,t2_sdbs_06,t2_sdbs_07,t2_sdbs_08,t2_sdbs_09,t2_sdbs_10,t2_sdbs_11,t2_sdbs_12,t2_sdbs_13,t2_sdbs_14,t2_sdbs_15,t2_sdbs_16,t2_sdbs_17,t2_sdbs_18,t2_sdbs_19,t2_sdbs_20,sseq_01,sseq_02,sseq_03,sseq_04,sseq_05,sseq_06,sseq_07,sseq_08,sseq_09,sseq_10,sseq_11,sseq_12,mars_01,mars_02,mars_03,mars_04,mars_05,mars_06,mars_07,mars_08,mars_09,mars_10,mars_11,mars_12,mars_13,mars_14,mars_15,mars_16,mars_17,mod_readiness,mod_age,mod_edu,mod_gender,mod_cpd,mod_yrs_smk
4,contemplation,3,1,1,1,1,1,1,2,1,1,2,2,1,1,3,2,2,1,2,1,,,,,,,,,,,,,,,,,,,,,1,1,2,1,1,1,1,2,3,1,1,3,3,3,3,5,5,5,5,5,5,1,2,2,5,5,4,3,3,2,60,3,1,60.0,9.5
15,preparation,1,2,2,2,1,1,1,1,1,2,4,5,4,5,5,5,3,4,4,2,1.0,2.0,2.0,2.0,1.0,1.0,1.0,2.0,1.0,2.0,5.0,5.0,4.0,5.0,5.0,4.0,3.0,5.0,4.0,2.0,1,3,4,4,2,3,1,1,4,1,1,1,4,4,4,4,4,3,5,5,5,5,5,4,5,5,2,4,2,4,49,2,1,4.0,30.1
35,precontemplation,1,1,1,1,1,1,1,1,1,1,1,1,1,1,1,1,1,1,1,1,,,,,,,,,,,,,,,,,,,,,1,1,1,1,1,2,1,1,1,1,1,1,4,3,3,1,1,4,4,3,5,5,4,5,2,1,3,1,5,1,44,2,2,5.0,1.7
77,precontemplation,1,1,1,2,1,1,1,1,1,1,1,1,1,1,1,1,1,1,1,1,1.0,1.0,1.0,2.0,2.0,1.0,1.0,1.0,1.0,1.0,1.0,1.0,1.0,1.0,1.0,1.0,1.0,1.0,1.0,1.0,1,1,1,1,2,2,3,3,1,2,1,3,4,5,4,4,4,5,5,4,5,2,3,4,5,5,5,5,3,1,22,2,1,17.0,35.8
95,contemplation,1,2,3,2,2,3,1,1,3,1,3,1,1,2,2,5,1,3,4,2,1.0,2.0,3.0,2.0,2.0,3.0,1.0,1.0,3.0,1.0,3.0,2.0,1.0,2.0,2.0,5.0,1.0,3.0,4.0,2.0,1,1,1,1,1,1,1,1,1,1,1,1,2,5,4,2,4,3,5,5,3,2,2,5,5,4,4,4,5,3,50,3,1,8.0,16.4
106,action,1,1,1,1,1,1,1,1,1,1,1,1,1,1,1,1,1,1,1,1,,,,,,,,,,,,,,,,,,,,,5,5,5,5,5,4,4,5,4,4,4,3,1,2,1,3,2,5,5,5,5,5,4,5,5,3,5,5,4,5,53,2,2,20.0,32.3
138,preparation,1,3,2,1,3,2,4,5,2,5,5,3,2,4,1,3,4,1,3,2,1.0,3.0,2.0,1.0,3.0,2.0,4.0,5.0,2.0,5.0,5.0,2.0,2.0,4.0,1.0,3.0,4.0,1.0,3.0,2.0,1,1,1,1,1,1,2,2,1,1,3,1,4,5,5,5,5,5,5,5,5,5,3,5,4,4,5,2,3,4,40,2,3,10.0,41.5
184,precontemplation,1,1,1,1,2,1,1,1,1,1,1,2,2,2,2,4,1,2,1,1,1.0,1.0,1.0,1.0,2.0,1.0,2.0,1.0,1.0,1.0,1.0,2.0,2.0,2.0,2.0,4.0,1.0,2.0,1.0,1.0,1,1,1,2,3,1,1,1,1,1,1,1,2,1,2,5,2,5,5,5,5,5,5,3,5,5,5,5,5,2,54,3,1,11.0,16.5
201,preparation,1,1,1,1,3,1,1,1,1,1,2,2,2,2,4,1,2,3,5,2,1.0,1.0,1.0,1.0,4.0,1.0,1.0,1.0,1.0,1.0,2.0,2.0,2.0,2.0,4.0,1.0,2.0,3.0,4.0,2.0,1,1,1,2,1,2,1,1,1,2,1,1,4,4,5,2,4,5,5,5,5,4,5,5,5,5,5,5,4,4,48,1,2,17.0,27.9
241,precontemplation,2,1,1,4,1,1,1,4,4,3,1,1,1,1,1,1,1,1,1,1,2.0,1.0,1.0,4.0,1.0,2.0,1.0,4.0,5.0,3.0,1.0,1.0,1.0,1.0,1.0,1.0,1.0,1.0,1.0,1.0,1,1,1,1,1,2,1,1,1,1,1,1,5,5,5,3,5,5,5,5,5,5,4,5,5,5,5,5,2,1,36,3,1,2.0,22.9
250,contemplation,1,2,4,3,1,1,1,1,1,1,1,2,1,1,1,2,1,1,1,1,1.0,2.0,5.0,3.0,1.0,1.0,1.0,1.0,1.0,1.0,1.0,3.0,1.0,1.0,1.0,2.0,1.0,1.0,1.0,1.0,1,1,1,1,1,2,1,1,1,1,1,1,5,5,4,5,5,5,3,5,5,4,5,5,3,4,5,4,4,3,52,2,2,15.0,10.1
294,contemplation,1,2,2,1,1,1,1,3,2,4,2,1,1,3,2,1,4,1,5,1,1.0,2.0,2.0,1.0,1.0,1.0,1.0,3.0,2.0,4.0,2.0,1.0,1.0,3.0,2.0,1.0,4.0,1.0,5.0,1.0,1,1,1,1,1,2,1,1,1,1,2,1,2,5,2,3,3,5,5,5,5,2,5,5,5,5,5,5,5,2,30,3,3,23.0,40.6
299,precontemplation,1,1,1,1,2,2,1,2,1,1,1,1,1,1,1,1,1,1,1,1,1.0,1.0,2.0,1.0,2.0,2.0,1.0,1.0,1.0,1.0,1.0,1.0,1.0,1.0,1.0,1.0,1.0,1.0,1.0,1.0,1,1,1,1,1,1,1,1,1,2,3,1,5,4,5,5,5,5,5,5,3,5,5,5,5,5,5,5,3,2,48,3,2,16.0,23.9
313,precontemplation,1,1,1,1,1,4,1,1,1,1,1,1,1,1,1,1,1,1,1,1,2.0,1.0,1.0,1.0,1.0,4.0,1.0,1.0,1.0,1.0,1.0,1.0,1.0,1.0,1.0,1.0,2.0,1.0,1.0,1.0,1,1,1,1,1,1,1,1,1,1,1,1,2,3,3,3,5,5,5,5,5,5,5,5,5,5,5,2,3,2,18,3,2,4.0,14.3
321,precontemplation,1,1,1,1,1,1,1,2,1,1,1,2,1,2,1,1,1,1,1,3,1.0,1.0,1.0,2.0,1.0,1.0,1.0,2.0,1.0,1.0,1.0,2.0,1.0,2.0,1.0,1.0,1.0,1.0,1.0,3.0,1,2,1,2,1,1,1,1,1,1,2,1,4,1,5,1,2,5,4,5,5,3,2,4,5,5,5,5,4,1,21,3,1,14.0,35.2
349,contemplation,1,3,1,1,1,1,1,1,4,1,1,1,1,1,1,1,1,1,3,1,2.0,3.0,2.0,1.0,1.0,1.0,1.0,1.0,3.0,1.0,1.0,1.0,1.0,1.0,1.0,1.0,1.0,2.0,3.0,1.0,1,1,1,1,1,1,1,1,1,1,1,1,2,5,3,3,4,5,5,5,5,4,5,5,5,5,3,5,2,1,56,3,1,10.0,38.1
350,preparation,1,1,1,1,1,1,1,1,1,1,4,5,3,5,5,5,3,3,1,3,1.0,1.0,1.0,1.0,1.0,1.0,1.0,1.0,1.0,1.0,4.0,5.0,3.0,5.0,5.0,5.0,3.0,3.0,1.0,3.0,1,1,1,1,1,2,1,2,1,1,1,2,3,2,3,2,3,5,5,5,5,3,5,3,5,5,5,5,4,2,46,3,2,33.0,14.7
431,precontemplation,1,1,1,1,1,1,1,1,1,1,2,2,1,1,2,1,3,1,1,2,1.0,1.0,1.0,1.0,1.0,1.0,1.0,1.0,1.0,1.0,1.0,2.0,2.0,1.0,1.0,1.0,4.0,1.0,1.0,2.0,1,1,1,1,1,1,1,1,1,1,1,1,2,3,2,3,1,5,5,5,5,5,5,5,5,5,5,5,3,2,43,1,1,9.0,10.6
432,maintenance,1,1,1,1,1,1,3,1,1,2,1,1,1,1,1,1,1,1,1,1,2.0,1.0,1.0,1.0,2.0,1.0,3.0,1.0,1.0,2.0,1.0,2.0,1.0,1.0,1.0,1.0,1.0,1.0,1.0,1.0,5,5,5,5,5,5,5,5,5,5,5,5,2,1,1,2,3,5,5,5,5,5,4,3,3,3,2,5,4,5,21,4,2,12.0,13.1
446,precontemplation,2,1,1,3,1,1,1,1,1,1,1,2,2,1,1,1,2,1,1,1,2.0,1.0,1.0,3.0,1.0,1.0,1.0,1.0,1.0,1.0,1.0,2.0,2.0,1.0,1.0,1.0,2.0,1.0,1.0,1.0,1,1,1,1,1,1,1,1,1,1,1,1,5,5,5,5,5,5,5,5,5,5,3,3,4,5,5,4,4,1,44,1,2,10.0,19.8
474,preparation,2,2,2,2,3,3,2,3,2,1,5,5,5,5,4,2,5,5,5,3,2.0,2.0,2.0,2.0,3.0,4.0,2.0,3.0,2.0,1.0,5.0,5.0,5.0,5.0,4.0,2.0,5.0,5.0,5.0,3.0,1,1,1,1,1,1,1,1,1,1,1,1,3,4,5,5,3,5,5,5,5,5,5,5,5,5,5,5,5,3,31,3,1,22.0,32.4
481,maintenance,1,1,1,1,1,1,1,1,1,1,1,1,1,1,1,1,1,1,1,1,1.0,1.0,1.0,1.0,2.0,1.0,1.0,1.0,1.0,1.0,2.0,1.0,1.0,1.0,1.0,2.0,1.0,2.0,1.0,1.0,5,5,5,5,5,5,5,5,5,5,5,5,1,2,1,1,2,5,5,5,3,5,5,3,5,4,5,5,4,5,34,4,1,2.0,28.0
500,contemplation,1,1,1,1,1,2,1,3,1,2,3,5,1,1,2,1,3,4,2,2,1.0,1.0,1.0,1.0,1.0,2.0,1.0,3.0,1.0,2.0,3.0,5.0,1.0,1.0,2.0,1.0,3.0,4.0,2.0,2.0,1,1,1,1,1,1,1,1,1,1,2,1,4,5,2,5,3,5,5,5,5,5,4,5,5,5,5,5,5,3,42,1,2,11.0,23.3
501,contemplation,2,1,4,2,4,2,1,5,1,1,3,1,1,1,1,1,1,2,4,3,,,,,,,,,,,,,,,,,,,,,1,1,1,2,2,1,1,1,1,1,1,1,5,5,5,4,5,5,5,5,5,4,3,4,5,5,5,4,3,1,49,3,2,4.0,17.4
532,preparation,3,1,1,4,1,2,3,1,3,2,1,1,1,3,3,2,1,2,2,1,2.0,1.0,1.0,4.0,1.0,2.0,3.0,1.0,3.0,2.0,1.0,1.0,1.0,3.0,3.0,2.0,1.0,2.0,2.0,2.0,1,1,2,1,1,1,1,1,1,1,1,1,2,2,1,2,1,5,5,5,5,5,5,5,5,5,5,5,3,3,43,3,2,8.0,27.8
542,precontemplation,1,1,4,1,1,1,1,2,2,1,1,1,1,1,1,1,1,1,1,1,1.0,1.0,4.0,1.0,1.0,1.0,1.0,2.0,2.0,2.0,1.0,1.0,1.0,1.0,1.0,1.0,1.0,1.0,1.0,1.0,1,1,1,1,1,1,1,1,1,1,1,1,2,5,5,2,4,5,5,5,5,4,4,4,3,4,4,2,4,1,38,4,1,10.0,37.1
577,precontemplation,1,1,1,1,1,1,1,1,1,1,3,1,1,1,2,3,2,1,1,4,1.0,1.0,1.0,1.0,2.0,1.0,1.0,1.0,1.0,1.0,3.0,1.0,1.0,1.0,2.0,3.0,2.0,1.0,1.0,4.0,1,1,1,1,1,1,1,1,1,1,1,1,1,1,2,1,2,5,5,5,5,5,5,2,4,5,5,5,5,1,45,3,2,32.0,28.4
584,contemplation,1,1,1,1,1,1,1,1,1,1,4,3,5,2,1,4,4,5,4,5,1.0,1.0,1.0,1.0,1.0,1.0,1.0,1.0,1.0,1.0,3.0,3.0,5.0,2.0,1.0,4.0,4.0,5.0,4.0,5.0,1,1,1,1,1,3,1,1,2,2,1,1,3,4,3,4,1,5,5,5,5,5,5,5,5,5,5,4,4,2,31,4,1,24.0,23.2
592,preparation,2,1,1,1,1,2,1,2,1,1,1,1,2,2,1,1,1,2,1,1,,,,,,,,,,,,,,,,,,,,,2,1,3,4,2,1,1,1,1,2,2,2,1,2,1,1,1,3,5,4,5,1,2,1,4,4,5,5,3,3,35,3,1,2.0,21.0
602,precontemplation,2,1,5,3,1,1,1,1,1,2,1,1,1,1,3,1,2,1,1,1,2.0,1.0,4.0,3.0,1.0,1.0,1.0,1.0,1.0,2.0,1.0,1.0,1.0,1.0,3.0,1.0,2.0,1.0,1.0,1.0,1,1,1,2,1,1,1,1,1,1,1,2,2,5,3,4,3,5,5,5,5,5,5,5,4,5,5,4,5,1,36,1,1,19.0,20.5
626,precontemplation,1,1,1,1,1,1,1,1,1,1,1,1,1,1,1,1,1,1,1,1,1.0,1.0,1.0,1.0,1.0,1.0,1.0,1.0,1.0,1.0,1.0,1.0,1.0,1.0,1.0,1.0,1.0,1.0,1.0,1.0,1,1,1,1,1,1,1,1,1,1,1,1,5,3,3,3,5,5,5,5,5,5,5,5,5,5,5,5,5,2,31,3,2,30.0,20.3
633,preparation,1,1,1,1,1,1,1,1,1,1,1,2,1,4,1,1,2,4,1,1,1.0,1.0,2.0,1.0,1.0,1.0,1.0,1.0,1.0,1.0,1.0,2.0,1.0,4.0,1.0,1.0,2.0,4.0,1.0,1.0,2,1,1,1,1,1,1,1,1,1,1,2,4,5,5,3,4,5,5,5,5,5,5,5,5,5,5,4,3,3,34,2,1,2.0,27.5
640,preparation,3,2,1,1,3,3,3,1,1,1,1,1,2,4,1,1,1,2,1,1,3.0,2.0,1.0,1.0,3.0,3.0,3.0,1.0,1.0,1.0,1.0,1.0,2.0,5.0,1.0,1.0,1.0,2.0,1.0,1.0,1,1,1,1,1,1,1,1,1,1,1,1,5,4,4,3,4,5,5,5,5,1,1,2,5,5,4,4,5,3,42,4,1,15.0,19.6
643,preparation,1,3,1,1,1,1,1,1,1,1,4,1,2,3,1,4,2,2,5,3,1.0,3.0,1.0,1.0,1.0,1.0,1.0,1.0,1.0,1.0,4.0,1.0,2.0,3.0,1.0,4.0,2.0,2.0,5.0,3.0,1,1,2,1,1,1,2,1,3,1,2,3,2,4,4,3,4,5,5,5,5,5,5,5,5,5,5,3,4,4,38,2,1,60.0,29.5
689,action,1,1,1,2,4,1,1,1,1,1,3,5,2,3,4,2,2,4,3,4,,,,,,,,,,,,,,,,,,,,,4,1,2,2,3,2,2,2,3,2,2,4,5,5,5,3,4,5,5,5,4,4,3,3,5,5,5,5,3,4,47,2,1,7.0,46.4
693,precontemplation,1,1,1,1,2,1,1,1,1,1,1,1,2,1,2,1,1,1,2,1,,,,,,,,,,,,,,,,,,,,,1,1,1,1,1,1,1,1,1,1,1,1,5,5,4,5,4,5,5,5,5,2,2,5,1,5,4,3,3,1,35,1,2,59.0,13.7
694,contemplation,1,2,2,1,2,3,2,3,1,1,2,1,1,1,1,1,1,3,1,1,,,,,,,,,,,,,,,,,,,,,2,1,1,1,1,1,1,1,1,1,1,1,1,2,2,1,3,5,5,5,5,4,4,2,5,5,5,5,5,2,51,3,1,10.0,1.0
708,preparation,1,1,1,1,1,1,1,1,1,1,1,1,1,1,1,1,2,1,1,1,1.0,1.0,1.0,1.0,2.0,1.0,1.0,1.0,1.0,1.0,1.0,1.0,1.0,1.0,1.0,1.0,2.0,1.0,1.0,2.0,1,1,1,1,1,1,1,1,1,1,1,1,4,1,3,4,5,5,5,5,5,5,5,4,5,5,5,5,4,3,18,2,1,6.0,26.7
709,maintenance,1,1,1,1,1,1,1,1,1,1,2,2,3,2,1,1,1,2,2,1,1.0,1.0,1.0,1.0,1.0,1.0,1.0,1.0,1.0,1.0,2.0,2.0,3.0,2.0,1.0,1.0,1.0,2.0,2.0,1.0,5,5,5,5,5,5,5,5,5,5,5,5,4,3,2,2,2,5,5,5,5,5,4,4,5,5,4,5,3,5,43,3,2,15.0,40.5
715,contemplation,1,1,2,1,1,1,1,2,1,4,1,3,3,1,3,1,3,1,2,2,,,,,,,,,,,,,,,,,,,,,1,1,1,1,1,1,1,1,1,1,1,1,2,5,3,5,4,5,5,5,5,5,5,5,5,3,4,5,4,1,25,4,1,22.0,39.6
716,precontemplation,3,3,1,1,3,3,1,2,3,2,1,1,1,1,1,1,1,1,1,1,3.0,3.0,1.0,1.0,3.0,3.0,1.0,2.0,3.0,2.0,2.0,1.0,1.0,1.0,1.0,1.0,1.0,2.0,1.0,1.0,1,1,3,2,2,3,4,5,4,4,5,3,5,5,5,5,4,4,5,4,5,4,5,4,5,3,5,5,2,1,35,2,1,10.0,16.0
718,contemplation,1,1,1,1,2,1,1,1,2,1,5,2,2,1,2,5,2,3,3,1,1.0,1.0,1.0,1.0,2.0,1.0,1.0,1.0,2.0,1.0,5.0,2.0,2.0,1.0,2.0,5.0,2.0,3.0,3.0,1.0,1,1,1,1,1,4,1,1,1,1,1,2,5,4,1,2,5,5,5,5,5,5,5,5,5,4,5,3,2,2,72,3,2,15.0,5.9
720,precontemplation,1,1,1,1,1,1,1,1,1,1,1,2,1,1,1,1,1,1,2,1,2.0,2.0,1.0,1.0,1.0,1.0,1.0,1.0,1.0,1.0,1.0,2.0,1.0,1.0,1.0,1.0,2.0,1.0,2.0,1.0,1,1,1,1,1,2,1,1,1,1,1,1,2,5,4,4,3,5,5,5,5,3,5,4,4,3,5,5,3,3,25,2,1,26.0,41.7
741,maintenance,1,1,1,1,1,1,1,1,1,1,1,1,2,4,1,1,1,3,1,1,1.0,1.0,1.0,2.0,1.0,1.0,1.0,1.0,1.0,1.0,1.0,1.0,2.0,4.0,1.0,1.0,1.0,3.0,1.0,1.0,5,5,5,5,5,5,5,5,5,5,5,5,5,5,4,4,3,5,5,4,5,4,3,4,5,5,4,5,3,5,22,2,1,3.0,16.9
807,preparation,1,1,1,1,1,1,1,1,1,1,1,1,1,1,1,1,2,1,1,1,2.0,1.0,1.0,1.0,1.0,1.0,1.0,1.0,1.0,1.0,1.0,1.0,1.0,1.0,1.0,1.0,3.0,1.0,1.0,1.0,1,1,1,1,1,1,1,1,2,1,1,3,5,5,5,5,5,3,5,3,5,5,5,5,5,5,5,5,2,4,40,2,1,5.0,21.1
873,contemplation,3,2,1,1,1,2,1,1,1,2,5,5,4,5,4,4,5,5,5,2,3.0,2.0,1.0,1.0,1.0,2.0,1.0,1.0,1.0,2.0,5.0,5.0,4.0,5.0,5.0,4.0,5.0,5.0,5.0,2.0,1,1,1,2,1,1,1,1,1,1,1,1,2,4,2,3,1,5,5,5,5,5,5,5,5,5,5,5,5,3,56,3,2,10.0,23.0
875,contemplation,1,1,1,1,1,1,1,1,1,1,1,2,1,1,2,1,1,1,1,2,2.0,1.0,1.0,2.0,1.0,1.0,1.0,1.0,1.0,1.0,1.0,2.0,1.0,1.0,2.0,1.0,1.0,1.0,1.0,3.0,1,1,3,1,2,1,1,2,1,2,1,2,4,2,2,3,4,5,5,5,5,4,5,5,5,5,5,5,2,4,46,3,1,4.0,41.7
884,contemplation,2,1,1,1,1,1,1,3,4,1,1,2,2,2,5,1,1,1,1,1,2.0,1.0,1.0,1.0,1.0,1.0,1.0,3.0,4.0,1.0,1.0,2.0,2.0,2.0,5.0,1.0,1.0,1.0,2.0,1.0,1,1,1,1,1,2,1,1,1,1,1,2,1,4,1,5,1,5,5,5,5,5,5,5,5,4,5,5,2,4,57,1,2,5.0,23.6
887,contemplation,1,1,3,1,1,1,1,2,1,1,2,2,2,2,2,1,3,2,3,2,1.0,1.0,2.0,1.0,1.0,2.0,1.0,1.0,1.0,1.0,2.0,2.0,2.0,2.0,2.0,1.0,3.0,2.0,3.0,2.0,1,2,2,2,1,2,1,3,3,1,4,4,2,2,3,4,2,5,5,5,5,3,2,5,5,5,5,5,3,3,39,3,2,26.0,15.7
890,preparation,1,1,1,1,1,1,1,1,1,1,1,3,3,2,3,2,1,2,1,2,1.0,1.0,1.0,1.0,1.0,1.0,1.0,1.0,1.0,1.0,1.0,3.0,2.0,2.0,3.0,2.0,1.0,2.0,1.0,1.0,3,4,2,2,2,1,1,1,1,3,1,2,2,2,3,3,5,5,5,5,5,5,4,2,2,3,4,2,4,3,44,3,2,13.0,15.1
923,precontemplation,1,1,1,1,1,1,1,1,1,1,1,1,1,2,2,1,1,1,1,1,1.0,1.0,1.0,2.0,1.0,1.0,1.0,1.0,1.0,1.0,1.0,1.0,1.0,2.0,2.0,1.0,1.0,1.0,1.0,1.0,1,1,1,1,1,1,1,1,1,1,1,1,4,4,5,2,3,5,3,5,5,4,2,2,5,5,5,5,5,2,25,1,1,9.0,30.0
938,contemplation,1,1,1,1,1,1,1,1,1,1,1,1,1,1,1,1,1,1,2,1,1.0,1.0,1.0,1.0,1.0,1.0,1.0,1.0,1.0,1.0,1.0,1.0,1.0,1.0,1.0,1.0,1.0,1.0,2.0,1.0,1,1,1,1,1,1,1,1,1,1,3,2,3,4,2,2,2,5,5,5,5,5,4,5,2,3,5,1,3,2,59,4,2,14.0,38.5
947,precontemplation,1,1,1,1,1,1,1,1,1,1,1,1,1,2,1,1,2,1,1,1,1.0,1.0,1.0,1.0,1.0,1.0,1.0,1.0,1.0,1.0,1.0,1.0,1.0,2.0,1.0,1.0,2.0,1.0,1.0,1.0,1,1,1,1,1,3,1,1,1,1,1,1,3,5,2,5,1,5,5,5,5,2,2,5,5,5,5,5,5,1,28,2,1,7.0,2.0
959,precontemplation,2,4,1,2,2,2,1,1,1,2,1,1,1,1,1,1,1,1,2,3,,,,,,,,,,,,,,,,,,,,,1,1,1,1,1,1,1,1,1,1,1,1,4,3,2,4,3,5,5,5,5,5,3,5,4,5,5,5,5,1,47,2,1,39.0,28.8
974,preparation,3,5,3,2,4,3,4,1,1,3,3,3,1,1,3,1,1,4,1,1,3.0,5.0,3.0,3.0,5.0,3.0,3.0,1.0,2.0,3.0,3.0,3.0,1.0,1.0,2.0,1.0,1.0,4.0,1.0,1.0,1,1,1,1,1,1,1,1,1,1,1,1,1,3,3,3,3,5,4,5,4,4,3,4,4,5,5,5,4,4,29,1,1,6.0,33.9
977,precontemplation,1,1,1,1,1,1,1,2,2,1,1,1,1,1,2,1,1,1,2,1,1.0,1.0,1.0,1.0,1.0,1.0,1.0,2.0,1.0,1.0,2.0,1.0,1.0,1.0,2.0,1.0,1.0,1.0,2.0,1.0,1,1,1,1,1,1,1,1,1,1,1,1,4,4,3,4,5,5,5,5,5,5,5,5,3,4,5,3,5,2,49,2,2,17.0,31.1
989,contemplation,2,4,1,2,1,1,2,3,1,1,3,3,2,2,3,1,4,5,1,5,,,,,,,,,,,,,,,,,,,,,1,1,1,1,1,1,1,1,1,1,2,3,1,1,1,1,1,5,5,4,4,5,3,5,5,5,5,5,3,2,27,2,1,22.0,7.9
1004,precontemplation,1,1,1,1,2,1,4,1,3,1,2,1,3,1,1,1,1,1,1,3,1.0,1.0,1.0,1.0,2.0,1.0,4.0,1.0,3.0,1.0,2.0,1.0,3.0,1.0,1.0,1.0,1.0,1.0,1.0,3.0,1,1,1,1,1,1,1,1,1,1,2,1,5,4,3,3,5,5,5,5,5,3,5,1,3,2,2,3,3,1,18,1,2,1.0,35.5
1005,precontemplation,2,1,1,1,4,1,1,2,3,3,1,2,1,2,1,1,1,1,1,2,,,,,,,,,,,,,,,,,,,,,1,1,1,1,1,1,1,1,1,1,1,1,1,4,4,1,4,5,5,5,5,5,5,5,5,5,5,5,4,1,18,4,2,12.0,31.4
1010,contemplation,1,2,1,1,1,1,1,1,1,1,3,1,2,1,2,4,3,2,3,1,1.0,2.0,1.0,1.0,1.0,1.0,1.0,1.0,1.0,1.0,3.0,1.0,2.0,1.0,2.0,4.0,3.0,2.0,4.0,1.0,1,2,1,2,1,1,2,3,1,1,2,2,1,5,1,5,2,5,5,5,5,3,5,4,5,5,5,5,3,2,50,4,1,5.0,10.1
1029,preparation,1,1,2,3,1,3,2,2,1,1,4,2,5,3,3,4,5,4,4,3,,,,,,,,,,,,,,,,,,,,,1,1,1,1,1,1,1,1,1,1,1,1,4,4,1,3,3,5,5,5,5,5,4,4,5,5,5,3,3,3,30,4,1,18.0,50.0
1040,contemplation,1,2,2,1,1,3,1,1,1,2,5,3,3,4,3,2,4,3,2,5,1.0,2.0,2.0,1.0,1.0,3.0,1.0,1.0,1.0,2.0,5.0,3.0,3.0,4.0,3.0,2.0,4.0,3.0,2.0,5.0,1,1,1,1,1,1,1,1,1,1,1,1,2,4,4,2,5,4,5,4,5,5,4,5,3,3,2,2,3,4,48,2,2,17.0,14.1
1059,preparation,1,1,1,1,1,1,1,1,1,1,3,1,1,1,1,1,1,1,1,1,1.0,1.0,2.0,1.0,1.0,1.0,1.0,1.0,1.0,1.0,3.0,1.0,1.0,1.0,2.0,1.0,1.0,1.0,1.0,1.0,1,1,2,1,1,1,1,1,1,1,1,1,4,3,5,3,4,5,5,5,5,2,4,3,5,3,5,3,4,4,35,2,2,28.0,16.4
1079,maintenance,1,1,1,1,1,1,1,1,1,1,1,2,1,2,1,1,2,1,1,2,1.0,1.0,1.0,1.0,1.0,1.0,1.0,1.0,1.0,1.0,1.0,2.0,1.0,2.0,1.0,1.0,2.0,1.0,1.0,2.0,5,5,5,5,5,4,5,5,5,4,3,3,4,2,4,3,2,5,5,5,5,4,5,4,2,4,5,5,4,4,26,4,1,28.0,26.7
1085,action,1,1,1,1,1,1,1,1,1,1,3,1,4,4,1,2,2,1,4,1,1.0,1.0,1.0,1.0,1.0,1.0,1.0,1.0,1.0,1.0,3.0,2.0,4.0,4.0,1.0,2.0,2.0,1.0,4.0,1.0,3,3,3,4,3,4,5,3,3,3,4,3,5,4,5,5,5,5,5,5,5,5,4,4,4,3,2,1,5,4,38,1,1,6.0,1.0
1135,preparation,1,1,2,1,2,2,1,1,1,1,1,3,1,1,1,1,2,1,1,3,1.0,1.0,2.0,1.0,2.0,2.0,1.0,1.0,1.0,1.0,1.0,3.0,1.0,1.0,1.0,1.0,2.0,1.0,1.0,3.0,1,1,1,2,1,1,1,1,1,1,1,1,4,4,4,5,5,5,5,5,5,2,1,1,5,5,4,5,4,3,32,4,2,2.0,6.8
1145,preparation,2,3,3,1,3,4,4,3,4,1,2,3,3,1,2,2,4,1,1,2,2.0,3.0,3.0,1.0,3.0,4.0,4.0,3.0,4.0,1.0,2.0,3.0,3.0,1.0,2.0,2.0,3.0,1.0,1.0,2.0,1,1,1,1,1,1,1,1,1,1,1,3,2,3,2,5,4,5,5,5,5,3,2,2,5,5,5,5,5,4,46,3,1,9.0,29.0
1173,precontemplation,1,1,1,1,1,1,1,1,1,2,1,1,1,1,1,1,1,1,1,1,,,,,,,,,,,,,,,,,,,,,1,1,1,1,1,2,1,1,1,1,1,1,4,5,5,5,5,5,5,5,5,5,5,1,5,5,5,5,5,2,49,2,1,18.0,21.5
1180,precontemplation,1,1,1,1,1,1,3,1,1,3,3,2,1,1,2,1,3,1,1,2,,,,,,,,,,,,,,,,,,,,,1,1,1,1,1,1,1,1,1,1,2,3,1,2,2,2,1,5,5,5,5,4,5,4,5,5,5,4,5,1,44,4,1,7.0,14.6
1205,preparation,1,2,1,1,1,1,1,1,1,1,1,1,2,3,4,4,3,2,3,2,,,,,,,,,,,,,,,,,,,,,1,1,1,1,1,2,1,1,1,1,1,1,2,4,2,2,1,4,5,5,5,5,5,5,5,5,3,5,5,4,63,2,3,4.0,11.1
1215,contemplation,1,4,1,2,3,2,2,4,2,1,1,1,3,1,3,3,3,4,1,1,1.0,4.0,1.0,2.0,3.0,2.0,2.0,4.0,2.0,1.0,1.0,1.0,3.0,1.0,3.0,3.0,3.0,4.0,1.0,1.0,1,1,1,1,2,2,1,2,1,1,1,1,2,5,4,5,3,5,5,5,5,2,1,1,5,5,5,5,2,2,55,2,1,19.0,22.9
1225,precontemplation,1,1,1,1,2,3,2,4,2,1,1,1,1,1,1,1,1,1,1,1,,,,,,,,,,,,,,,,,,,,,1,1,1,1,1,1,1,1,1,1,2,1,5,5,5,4,5,5,5,5,5,4,1,4,5,5,3,3,3,2,36,2,1,13.0,26.1
1243,preparation,2,1,3,1,1,1,1,2,1,2,2,1,2,2,1,3,1,2,1,3,2.0,1.0,3.0,1.0,1.0,1.0,1.0,2.0,1.0,2.0,2.0,1.0,2.0,2.0,1.0,3.0,1.0,2.0,1.0,3.0,3,1,4,2,1,4,1,1,1,2,1,2,2,2,2,1,2,5,5,5,5,5,5,3,4,5,5,5,2,4,41,1,2,2.0,10.8
1276,precontemplation,3,1,2,2,3,2,3,1,1,2,1,1,1,1,1,1,1,1,1,1,3.0,1.0,2.0,2.0,3.0,2.0,3.0,1.0,2.0,2.0,1.0,1.0,1.0,1.0,1.0,1.0,1.0,1.0,1.0,1.0,1,1,1,1,1,1,1,1,1,1,1,1,5,4,2,5,4,5,5,5,5,5,1,4,5,5,5,5,2,1,48,2,2,24.0,27.3
1278,precontemplation,1,1,1,1,1,1,1,1,1,1,2,1,2,2,1,2,1,2,2,4,,,,,,,,,,,,,,,,,,,,,1,1,1,1,1,1,1,1,1,1,1,1,4,5,5,5,5,3,5,4,2,3,5,4,5,5,5,5,2,1,52,1,2,13.0,45.1
1305,contemplation,2,2,3,2,2,3,2,1,3,1,3,4,2,4,3,4,4,3,5,4,2.0,2.0,3.0,2.0,2.0,2.0,2.0,1.0,3.0,1.0,3.0,4.0,3.0,4.0,3.0,5.0,4.0,3.0,5.0,4.0,1,2,1,1,1,2,2,1,1,1,4,1,2,2,4,2,2,4,5,5,3,1,1,3,5,4,5,5,3,3,27,1,1,16.0,1.0
1328,contemplation,1,4,2,4,1,4,3,3,4,3,1,1,1,2,3,1,1,2,4,2,1.0,4.0,2.0,4.0,1.0,4.0,3.0,3.0,4.0,3.0,1.0,1.0,1.0,2.0,3.0,1.0,1.0,3.0,4.0,2.0,1,1,1,1,2,1,1,1,1,1,3,2,2,2,4,3,5,5,5,5,5,5,5,5,5,5,5,5,4,2,40,4,2,30.0,3.3
1329,contemplation,1,1,1,1,1,1,1,1,1,1,2,1,1,1,3,3,3,4,3,1,,,,,,,,,,,,,,,,,,,,,1,2,2,1,2,5,1,1,1,1,1,1,5,4,1,4,3,5,4,5,5,3,5,2,5,5,4,5,4,2,20,4,2,21.0,8.1
1332,contemplation,2,1,1,1,1,1,1,5,1,1,1,2,2,1,1,4,2,2,1,1,2.0,1.0,1.0,1.0,1.0,2.0,1.0,5.0,1.0,1.0,1.0,2.0,1.0,1.0,1.0,4.0,2.0,2.0,1.0,1.0,2,1,1,2,1,3,2,1,1,2,1,2,1,2,2,1,2,5,5,4,5,5,5,5,5,5,5,5,4,3,49,2,2,8.0,13.1
1341,precontemplation,1,3,1,1,1,4,1,2,1,1,1,1,1,1,1,1,1,1,2,1,1.0,3.0,1.0,1.0,1.0,4.0,1.0,2.0,1.0,1.0,1.0,1.0,1.0,1.0,1.0,1.0,1.0,1.0,2.0,1.0,1,1,1,1,1,1,1,1,1,1,1,1,3,1,1,1,1,5,5,5,5,5,5,5,5,5,5,5,4,2,42,1,1,11.0,1.0
1342,contemplation,5,4,4,4,4,3,4,3,4,2,2,2,1,3,1,2,2,2,5,3,5.0,4.0,4.0,4.0,4.0,3.0,4.0,3.0,4.0,1.0,2.0,1.0,1.0,2.0,1.0,2.0,2.0,2.0,4.0,3.0,2,1,1,1,1,1,3,3,2,3,2,1,4,5,3,4,4,5,5,5,5,1,2,4,5,5,5,5,5,2,55,2,2,13.0,39.6
1350,preparation,1,1,1,1,1,1,1,1,1,1,1,1,1,1,1,1,1,2,1,1,,,,,,,,,,,,,,,,,,,,,1,1,1,1,3,1,2,1,1,1,3,1,5,3,2,4,5,5,3,3,5,5,3,2,5,5,5,5,5,3,22,3,1,27.0,10.5
1390,precontemplation,1,1,1,1,1,2,1,1,1,3,2,1,1,1,1,1,1,1,1,1,,,,,,,,,,,,,,,,,,,,,1,1,1,1,1,1,1,1,1,1,1,1,3,1,3,2,3,5,5,5,5,2,1,1,5,5,5,4,3,2,42,2,1,32.0,1.0
1421,precontemplation,1,2,1,3,1,1,2,1,1,2,1,1,1,1,1,1,1,1,1,1,2.0,2.0,1.0,3.0,1.0,1.0,2.0,1.0,1.0,2.0,1.0,1.0,1.0,1.0,2.0,1.0,1.0,1.0,1.0,1.0,1,1,1,1,2,1,5,4,3,4,4,4,3,4,4,2,5,5,5,5,5,2,4,2,5,4,5,5,4,1,72,3,1,30.0,4.5
1422,contemplation,1,1,1,1,2,1,1,1,1,1,1,2,1,2,1,1,1,1,1,3,,,,,,,,,,,,,,,,,,,,,1,1,1,1,1,1,1,1,2,2,1,1,2,3,5,2,4,5,5,5,5,4,4,5,3,5,5,4,2,2,50,2,1,22.0,1.7
1462,action,1,1,1,1,1,1,1,1,1,1,1,1,1,2,1,1,1,1,1,1,1.0,2.0,1.0,1.0,1.0,1.0,2.0,1.0,1.0,1.0,1.0,1.0,1.0,2.0,1.0,1.0,1.0,1.0,1.0,1.0,4,4,4,5,5,5,3,4,5,1,4,3,4,5,4,2,5,5,5,4,5,2,3,4,5,5,5,5,4,5,44,4,1,11.0,19.5
1473,precontemplation,1,1,1,1,1,3,1,1,1,2,1,1,1,1,1,1,1,1,1,1,,,,,,,,,,,,,,,,,,,,,1,1,1,1,2,1,1,1,1,1,1,1,4,5,4,3,5,5,5,5,5,3,3,3,5,5,5,5,2,1,24,1,1,28.0,34.2
1523,preparation,1,1,1,1,1,1,1,2,1,1,3,2,3,4,1,2,1,2,2,2,1.0,1.0,1.0,2.0,1.0,1.0,1.0,2.0,1.0,1.0,2.0,2.0,3.0,4.0,1.0,2.0,1.0,2.0,2.0,2.0,2,1,2,2,1,1,1,1,3,2,2,2,2,1,2,4,2,4,5,4,4,3,5,5,2,4,5,5,5,3,51,1,1,1.0,17.8
1556,contemplation,1,1,1,1,1,1,1,1,2,1,4,1,5,4,5,3,4,4,3,5,,,,,,,,,,,,,,,,,,,,,1,1,1,2,3,4,1,1,1,1,2,1,4,5,5,4,5,5,5,5,5,5,3,2,5,3,4,4,3,3,19,4,3,22.0,1.0
1563,precontemplation,1,1,1,1,1,1,1,1,1,1,3,2,2,1,3,3,2,2,2,1,1.0,1.0,1.0,1.0,1.0,1.0,1.0,1.0,1.0,1.0,3.0,2.0,2.0,1.0,3.0,3.0,2.0,2.0,2.0,1.0,1,1,1,1,1,1,1,1,1,1,1,1,5,5,5,4,2,5,4,5,5,3,3,4,5,5,5,5,5,1,38,3,1,11.0,35.4
1575,contemplation,1,2,4,3,1,2,3,3,3,1,1,1,1,1,1,1,1,1,1,2,,,,,,,,,,,,,,,,,,,,,1,1,1,1,1,1,1,1,1,2,1,1,3,3,4,2,3,5,5,5,5,2,3,4,5,5,5,3,2,3,45,3,1,29.0,25.6
1615,preparation,1,1,1,1,1,1,1,1,1,1,1,3,4,2,3,1,1,2,2,4,1.0,1.0,1.0,1.0,2.0,1.0,1.0,1.0,1.0,1.0,1.0,3.0,4.0,2.0,3.0,1.0,1.0,2.0,2.0,4.0,4,3,5,4,3,5,2,3,3,3,1,4,5,5,5,5,5,5,5,5,5,2,1,3,5,2,5,5,3,3,44,1,2,20.0,24.5
1617,precontemplation,3,1,3,4,2,1,2,1,1,1,1,1,1,1,1,1,1,1,1,1,3.0,1.0,3.0,4.0,2.0,1.0,2.0,1.0,1.0,1.0,1.0,1.0,1.0,1.0,1.0,1.0,1.0,1.0,1.0,1.0,2,1,1,1,1,1,1,1,1,1,1,1,2,4,4,5,3,5,5,5,5,4,4,4,5,5,2,2,4,1,45,2,2,18.0,25.5
1636,contemplation,3,1,1,1,1,1,3,1,1,1,5,2,5,1,1,4,3,1,3,2,,,,,,,,,,,,,,,,,,,,,4,2,4,2,2,5,2,1,5,4,4,5,5,5,5,4,3,5,5,5,5,4,5,5,5,4,5,5,4,3,44,3,2,5.0,2.3
1658,preparation,3,1,1,1,1,1,2,1,1,3,2,1,1,2,2,5,1,2,1,2,,,,,,,,,,,,,,,,,,,,,1,1,1,1,2,1,1,1,1,2,1,1,5,1,2,3,5,5,5,5,5,5,5,4,5,5,5,5,5,3,59,4,2,1.0,1.0
1682,contemplation,1,1,1,1,1,1,1,1,1,1,3,2,4,3,3,2,4,3,4,1,,,,,,,,,,,,,,,,,,,,,1,1,1,1,1,1,1,1,1,1,1,1,1,1,2,3,1,5,5,5,5,4,5,3,5,4,5,5,4,3,53,2,2,17.0,11.8
1686,maintenance,1,1,1,1,1,1,1,1,1,1,2,1,2,3,2,1,2,1,1,1,,,,,,,,,,,,,,,,,,,,,5,5,5,5,5,5,5,5,5,5,5,5,5,5,4,3,5,5,5,5,5,5,5,3,4,5,4,4,3,5,29,1,2,5.0,1.0
1694,precontemplation,2,1,1,1,2,1,1,1,1,1,1,1,1,1,1,1,1,1,1,1,,,,,,,,,,,,,,,,,,,,,1,2,2,2,2,1,1,2,1,1,2,3,2,3,5,4,3,5,5,5,5,2,1,3,5,5,5,5,3,2,51,1,1,14.0,8.7
1715,contemplation,1,1,4,1,1,1,1,1,2,1,5,4,3,3,4,5,5,5,4,5,1.0,1.0,4.0,1.0,1.0,1.0,1.0,1.0,2.0,1.0,5.0,4.0,4.0,3.0,4.0,5.0,5.0,5.0,4.0,5.0,1,1,2,1,1,3,3,2,2,2,5,2,5,2,1,2,3,5,2,5,4,5,5,5,5,4,5,5,2,3,54,1,2,3.0,23.3
1720,contemplation,1,1,1,1,1,1,1,1,1,1,3,4,3,2,1,1,2,2,4,4,1.0,1.0,1.0,1.0,2.0,1.0,1.0,2.0,1.0,1.0,3.0,4.0,3.0,2.0,1.0,1.0,2.0,2.0,4.0,4.0,1,1,1,2,1,2,1,1,1,1,1,1,5,5,5,4,5,5,4,5,2,5,5,5,2,5,5,5,5,2,21,2,1,11.0,19.7
1737,precontemplation,2,1,1,3,1,1,3,1,1,2,1,1,1,1,1,1,1,1,1,1,2.0,1.0,1.0,3.0,1.0,1.0,3.0,1.0,1.0,2.0,1.0,1.0,1.0,1.0,1.0,1.0,1.0,1.0,1.0,1.0,1,1,2,1,2,1,1,1,1,3,1,1,5,4,5,3,4,5,5,5,5,4,4,5,5,5,2,5,4,1,29,2,1,7.0,47.1
1754,maintenance,1,1,1,1,1,1,1,1,1,1,1,1,1,1,1,1,2,1,1,1,,,,,,,,,,,,,,,,,,,,,5,5,5,5,5,5,5,5,5,5,5,5,2,4,3,3,4,5,5,5,5,3,5,4,5,5,4,5,3,4,44,1,2,4.0,31.5
1762,contemplation,1,1,1,1,1,1,1,1,1,1,1,1,1,1,1,1,1,2,1,2,,,,,,,,,,,,,,,,,,,,,1,1,1,1,1,1,1,1,1,1,1,1,2,3,5,2,5,5,5,5,5,3,2,2,5,5,4,5,2,2,57,2,2,28.0,8.6
1793,action,1,1,2,1,1,2,1,1,1,1,1,2,1,1,1,2,1,1,1,2,1.0,1.0,2.0,1.0,2.0,2.0,1.0,1.0,1.0,1.0,1.0,2.0,1.0,1.0,1.0,2.0,1.0,1.0,1.0,2.0,5,5,5,5,5,4,5,4,5,5,5,5,5,5,3,1,3,5,5,5,5,2,3,3,5,5,5,5,4,5,41,2,2,9.0,39.3
1794,precontemplation,1,1,1,1,1,1,1,1,1,1,2,1,1,1,1,2,1,2,2,2,1.0,1.0,1.0,1.0,1.0,1.0,1.0,1.0,1.0,1.0,2.0,1.0,2.0,1.0,1.0,2.0,1.0,2.0,3.0,2.0,1,1,1,1,1,1,1,1,2,2,1,1,2,1,2,2,4,5,5,5,5,3,4,2,5,5,4,5,4,1,51,4,1,20.0,17.9
1797,contemplation,3,3,1,1,1,1,1,1,1,1,1,1,1,2,1,1,2,2,1,1,3.0,3.0,1.0,1.0,1.0,1.0,1.0,1.0,1.0,2.0,1.0,1.0,1.0,2.0,1.0,1.0,2.0,2.0,1.0,1.0,1,1,1,1,1,1,1,1,1,1,1,1,4,4,4,4,3,5,5,5,5,5,5,5,5,5,5,4,2,2,38,4,2,19.0,24.6
1799,contemplation,1,1,1,1,1,1,1,1,1,1,1,3,1,1,4,2,1,1,2,2,,,,,,,,,,,,,,,,,,,,,2,2,4,2,2,1,3,4,4,2,5,4,1,2,3,1,4,5,5,5,5,3,4,3,5,5,5,5,3,1,33,3,1,12.0,43.2
1801,contemplation,1,1,1,1,1,1,1,1,1,1,3,1,1,2,1,2,2,2,2,1,1.0,1.0,1.0,1.0,1.0,1.0,1.0,1.0,1.0,1.0,3.0,1.0,1.0,2.0,1.0,2.0,2.0,2.0,2.0,1.0,1,1,1,1,1,2,1,1,1,1,1,1,3,5,3,3,1,5,5,5,5,5,5,4,5,5,5,5,4,2,22,3,1,21.0,31.6
1808,contemplation,1,1,4,1,2,4,4,1,3,4,3,3,5,1,2,3,4,2,2,2,1.0,1.0,4.0,1.0,2.0,4.0,4.0,1.0,3.0,4.0,3.0,2.0,5.0,1.0,1.0,3.0,4.0,2.0,2.0,2.0,1,1,1,1,1,2,1,1,2,1,1,1,5,4,3,4,3,5,5,5,5,5,4,5,5,5,5,5,4,2,44,3,1,7.0,17.9
1814,precontemplation,1,1,1,1,1,1,1,1,1,1,1,1,1,1,1,1,1,1,1,1,1.0,1.0,1.0,1.0,1.0,2.0,1.0,1.0,1.0,1.0,1.0,1.0,1.0,1.0,1.0,1.0,1.0,1.0,1.0,1.0,1,1,1,1,1,1,1,1,1,1,1,1,4,4,5,5,4,5,4,4,5,4,4,4,5,5,5,5,3,1,33,3,1,25.0,13.2
1817,contemplation,1,1,1,1,1,1,1,1,1,1,2,1,1,1,1,1,2,1,1,1,1.0,1.0,1.0,1.0,1.0,1.0,1.0,2.0,1.0,1.0,1.0,1.0,1.0,1.0,1.0,1.0,2.0,1.0,1.0,1.0,1,1,1,1,1,1,1,1,1,1,1,1,4,2,4,4,2,5,5,5,5,5,5,5,5,4,5,5,2,3,38,4,1,6.0,26.5
1818,precontemplation,1,1,1,2,1,3,1,3,1,1,2,2,1,1,2,1,1,1,3,1,,,,,,,,,,,,,,,,,,,,,1,1,1,1,1,1,1,1,1,1,1,1,4,2,3,3,5,5,5,5,5,5,4,2,5,5,5,5,2,1,40,2,2,4.0,22.5
1826,contemplation,1,2,1,1,1,1,1,2,1,1,1,1,1,2,1,1,1,1,1,1,1.0,2.0,1.0,1.0,1.0,1.0,1.0,2.0,1.0,1.0,1.0,1.0,1.0,2.0,1.0,1.0,1.0,1.0,1.0,1.0,1,1,1,2,1,1,1,3,1,4,2,5,1,3,3,4,1,5,5,5,5,5,5,3,5,5,4,4,2,3,44,2,1,14.0,1.0
1836,precontemplation,1,1,1,1,1,1,1,1,1,1,1,1,1,3,2,1,1,1,2,1,1.0,1.0,1.0,1.0,1.0,1.0,1.0,1.0,1.0,1.0,1.0,1.0,1.0,3.0,2.0,1.0,1.0,2.0,2.0,1.0,1,1,1,1,1,3,1,1,1,1,1,1,4,5,4,4,4,5,5,5,5,4,5,5,4,3,5,5,2,1,25,3,1,14.0,33.8
1850,precontemplation,1,1,1,1,1,1,1,1,1,1,1,1,1,2,2,1,1,1,1,3,,,,,,,,,,,,,,,,,,,,,1,1,1,1,1,1,1,1,1,1,1,1,4,5,4,4,2,5,4,5,3,5,4,4,5,5,5,5,3,1,49,2,1,4.0,24.6
1863,contemplation,3,2,3,2,1,2,1,2,1,3,3,1,1,1,1,1,1,3,1,1,,,,,,,,,,,,,,,,,,,,,2,2,2,2,3,2,3,2,3,1,4,3,5,2,5,5,4,5,5,5,5,2,4,3,5,4,5,4,5,2,50,3,1,28.0,29.0
1865,precontemplation,1,4,1,2,4,1,4,1,3,2,1,1,1,1,1,1,1,1,1,1,1.0,4.0,1.0,2.0,4.0,1.0,4.0,1.0,3.0,2.0,1.0,1.0,1.0,1.0,1.0,1.0,2.0,1.0,1.0,1.0,1,1,1,1,1,1,1,1,2,2,2,4,1,2,3,3,2,5,4,5,5,3,5,4,5,4,5,5,5,1,45,2,2,3.0,5.1
1867,precontemplation,1,1,1,1,1,1,1,2,1,1,1,1,1,1,1,1,1,1,1,1,1.0,1.0,1.0,1.0,1.0,1.0,1.0,2.0,1.0,1.0,2.0,1.0,2.0,1.0,1.0,1.0,1.0,2.0,1.0,1.0,1,3,1,2,3,1,1,1,1,1,1,1,5,2,1,5,5,5,5,5,5,2,1,2,5,5,5,5,4,1,45,4,1,11.0,34.3
1871,precontemplation,1,1,2,2,4,1,2,2,1,1,3,1,1,1,3,1,3,1,4,3,1.0,1.0,2.0,2.0,4.0,1.0,3.0,2.0,1.0,1.0,3.0,1.0,1.0,1.0,3.0,1.0,3.0,1.0,4.0,3.0,1,1,1,1,1,1,1,1,1,1,1,1,2,2,2,2,4,5,5,5,5,5,5,4,5,5,5,5,5,1,43,3,2,16.0,19.4
1889,contemplation,3,1,1,4,4,5,1,1,1,2,5,5,5,4,3,5,5,4,3,4,,,,,,,,,,,,,,,,,,,,,3,1,1,3,2,1,1,1,2,1,2,3,4,3,5,5,4,5,5,5,5,4,5,4,5,5,5,5,3,3,48,2,2,17.0,17.5
1893,maintenance,1,1,1,1,1,1,1,1,1,1,1,1,1,1,1,1,1,1,1,1,1.0,1.0,1.0,1.0,2.0,1.0,1.0,2.0,1.0,1.0,1.0,1.0,1.0,1.0,1.0,1.0,1.0,1.0,1.0,1.0,5,5,5,5,5,5,5,5,5,5,5,5,2,4,5,2,2,5,5,5,5,5,5,4,5,5,5,5,5,5,54,3,2,22.0,18.3
1924,contemplation,1,1,1,1,1,3,2,2,1,1,5,2,5,2,3,3,4,1,5,4,1.0,1.0,1.0,1.0,1.0,3.0,2.0,2.0,1.0,1.0,5.0,2.0,5.0,2.0,3.0,3.0,4.0,1.0,5.0,4.0,1,1,2,1,3,1,1,1,1,1,2,2,5,5,5,5,4,5,5,5,5,4,5,5,5,5,5,5,5,3,42,2,1,8.0,1.0
1928,contemplation,2,1,1,1,1,1,1,1,1,1,2,1,2,2,2,1,1,2,3,1,2.0,1.0,1.0,1.0,1.0,1.0,1.0,1.0,1.0,1.0,1.0,1.0,2.0,2.0,2.0,1.0,1.0,3.0,3.0,1.0,1,1,1,1,1,1,1,1,1,1,1,1,5,4,4,1,5,5,5,5,5,2,4,3,4,5,3,2,5,3,44,2,2,16.0,18.3
1946,contemplation,1,1,1,1,1,1,1,1,1,2,2,2,3,2,2,1,3,2,2,2,1.0,1.0,1.0,1.0,1.0,1.0,1.0,1.0,1.0,2.0,1.0,1.0,3.0,3.0,2.0,1.0,3.0,2.0,2.0,2.0,1,1,1,1,1,1,1,1,1,1,1,1,1,4,3,1,3,5,5,5,5,5,5,5,3,5,4,4,3,2,56,3,2,15.0,16.4
1951,precontemplation,1,2,2,1,1,2,1,2,1,1,1,2,1,1,1,3,1,1,1,1,1.0,2.0,2.0,1.0,1.0,2.0,1.0,2.0,1.0,1.0,1.0,2.0,2.0,1.0,1.0,3.0,1.0,1.0,1.0,1.0,1,1,1,1,1,1,1,1,1,1,1,1,2,5,3,1,3,5,5,4,5,5,5,5,5,5,5,5,3,2,25,2,2,14.0,30.9
1965,maintenance,1,1,1,1,1,1,1,1,1,1,1,2,1,1,1,1,3,1,1,1,1.0,1.0,1.0,1.0,1.0,1.0,1.0,1.0,1.0,1.0,1.0,2.0,1.0,1.0,1.0,1.0,3.0,1.0,1.0,1.0,5,5,5,5,5,5,5,5,5,5,5,5,2,1,1,2,1,5,5,5,5,5,5,5,4,4,4,5,2,5,37,4,1,6.0,23.6
1966,preparation,3,1,1,1,1,1,2,1,1,1,1,1,1,1,1,2,1,1,1,1,3.0,1.0,1.0,1.0,1.0,1.0,2.0,1.0,1.0,1.0,1.0,2.0,1.0,1.0,1.0,2.0,1.0,1.0,1.0,1.0,1,1,1,1,1,1,1,1,1,1,1,1,5,5,5,5,5,5,4,5,5,4,3,4,5,5,5,5,5,4,41,3,2,30.0,23.9
1982,preparation,1,1,1,1,1,1,1,1,1,1,2,2,3,4,5,4,2,3,3,5,1.0,1.0,1.0,1.0,1.0,1.0,1.0,1.0,2.0,1.0,2.0,2.0,3.0,4.0,5.0,4.0,2.0,3.0,3.0,5.0,1,2,1,1,1,1,1,1,2,1,1,1,2,4,4,5,4,5,5,5,5,5,5,5,5,5,5,4,4,3,53,3,1,42.0,7.6
2004,contemplation,1,1,1,1,1,1,1,2,3,1,3,1,3,1,1,1,4,1,1,1,1.0,1.0,1.0,1.0,1.0,1.0,1.0,2.0,3.0,1.0,3.0,1.0,3.0,1.0,2.0,1.0,4.0,1.0,1.0,1.0,2,2,3,4,1,3,3,3,1,5,2,2,2,2,3,4,3,5,5,5,5,5,2,4,5,4,2,5,4,2,33,4,2,10.0,14.3
2013,preparation,3,4,2,5,5,1,3,1,3,4,1,2,3,1,1,3,1,4,1,1,3.0,4.0,2.0,5.0,5.0,1.0,2.0,1.0,3.0,4.0,1.0,2.0,3.0,1.0,1.0,3.0,1.0,4.0,1.0,1.0,1,1,1,2,1,3,1,1,2,1,3,2,1,4,4,2,2,5,5,5,5,5,5,2,5,5,5,5,3,3,56,4,1,18.0,5.4
2041,maintenance,1,1,1,1,1,1,1,1,1,1,1,1,1,1,1,1,1,1,3,1,,,,,,,,,,,,,,,,,,,,,5,5,5,5,5,5,4,5,5,5,5,4,2,1,3,2,1,5,5,5,5,2,4,3,5,5,5,4,5,5,43,3,1,14.0,1.0
2051,precontemplation,1,2,1,1,1,1,2,2,1,2,1,1,1,1,1,1,1,1,1,1,1.0,2.0,1.0,1.0,1.0,1.0,2.0,2.0,1.0,2.0,1.0,1.0,1.0,1.0,1.0,1.0,1.0,1.0,1.0,1.0,1,1,1,1,1,1,1,1,1,1,1,2,5,5,3,4,5,5,5,5,5,5,5,5,5,5,5,4,2,2,32,2,1,9.0,19.5
2052,contemplation,1,1,1,3,3,1,2,1,2,1,4,5,2,5,3,4,4,3,1,3,1.0,1.0,1.0,3.0,3.0,1.0,2.0,1.0,2.0,1.0,3.0,5.0,2.0,5.0,3.0,4.0,4.0,3.0,1.0,3.0,1,1,2,3,1,1,1,3,1,1,1,1,5,5,3,5,3,5,5,5,5,5,3,3,5,5,5,5,4,2,41,2,1,7.0,16.2
2057,contemplation,1,1,1,1,1,1,1,1,1,1,1,1,1,1,1,1,1,1,1,1,1.0,1.0,1.0,1.0,1.0,1.0,1.0,1.0,1.0,1.0,1.0,1.0,1.0,1.0,1.0,1.0,1.0,1.0,1.0,1.0,1,1,1,1,1,1,1,1,1,1,1,1,4,4,3,2,3,5,5,5,5,4,2,3,5,5,5,5,2,3,35,3,1,10.0,2.1
2097,precontemplation,1,1,1,1,1,1,1,1,1,1,2,2,1,3,5,1,2,2,3,3,1.0,1.0,1.0,1.0,1.0,1.0,1.0,1.0,1.0,1.0,2.0,2.0,1.0,3.0,5.0,1.0,2.0,2.0,3.0,3.0,1,1,1,1,1,1,1,1,1,2,1,2,4,2,3,5,3,5,4,5,4,1,2,3,5,5,5,5,3,2,44,4,2,47.0,23.4
2115,maintenance,1,1,1,1,1,1,1,1,1,1,1,1,1,1,2,3,1,1,1,1,1.0,1.0,1.0,1.0,1.0,1.0,1.0,2.0,1.0,1.0,1.0,1.0,1.0,1.0,2.0,3.0,1.0,1.0,1.0,1.0,5,5,5,3,4,5,5,5,5,5,5,5,3,2,2,5,3,2,5,4,3,5,5,2,5,4,5,5,5,5,41,3,1,8.0,35.6
2127,action,1,1,1,1,1,1,1,1,1,1,1,1,2,1,1,1,1,1,1,1,1.0,1.0,1.0,1.0,1.0,1.0,1.0,1.0,1.0,1.0,1.0,1.0,2.0,1.0,1.0,1.0,1.0,1.0,1.0,1.0,5,5,5,5,5,5,5,5,5,5,5,5,3,5,2,3,5,5,3,5,3,3,5,5,5,5,5,5,2,4,48,2,2,11.0,32.0
2140,contemplation,3,1,2,4,1,1,4,2,1,1,3,2,1,1,1,1,1,1,4,2,,,,,,,,,,,,,,,,,,,,,1,1,1,1,1,1,1,1,1,1,1,1,5,4,5,5,5,5,5,5,5,5,5,5,4,4,4,2,4,2,43,1,2,19.0,1.0
2141,maintenance,1,1,1,1,1,1,1,1,1,1,1,1,1,1,1,1,1,1,4,1,1.0,1.0,1.0,1.0,1.0,1.0,1.0,1.0,1.0,1.0,1.0,1.0,1.0,1.0,1.0,1.0,1.0,1.0,4.0,1.0,5,5,5,5,5,5,5,5,5,5,5,5,3,3,5,2,1,5,5,5,5,5,5,5,3,4,2,4,4,5,36,4,2,2.0,1.0
2147,preparation,2,1,3,1,2,1,2,1,1,1,3,2,1,1,1,1,1,2,3,2,,,,,,,,,,,,,,,,,,,,,1,1,1,1,1,1,1,1,1,1,2,2,3,1,1,3,1,5,5,5,5,3,3,2,5,5,5,5,5,3,29,1,1,7.0,6.4
2148,precontemplation,1,1,2,1,1,1,1,1,1,1,1,1,2,2,2,1,4,1,1,2,1.0,1.0,2.0,1.0,1.0,1.0,1.0,1.0,1.0,1.0,1.0,1.0,2.0,2.0,2.0,1.0,5.0,1.0,1.0,2.0,1,1,1,1,1,1,1,1,1,1,1,1,4,1,5,3,5,5,5,5,5,3,3,5,3,4,5,5,5,1,36,3,2,17.0,1.0
2153,preparation,1,2,1,1,1,3,1,1,1,1,4,2,5,4,4,3,1,5,2,2,,,,,,,,,,,,,,,,,,,,,1,1,1,1,1,2,3,2,3,3,2,1,3,4,4,3,2,5,5,5,5,4,2,3,2,4,4,4,2,3,18,3,1,30.0,14.9
2184,preparation,1,4,1,1,1,1,2,1,3,1,1,1,1,4,1,1,2,1,2,3,1.0,4.0,1.0,1.0,1.0,1.0,2.0,1.0,3.0,1.0,1.0,1.0,1.0,4.0,1.0,1.0,2.0,1.0,2.0,4.0,1,2,2,1,2,1,1,1,1,1,3,1,2,5,1,2,3,5,5,5,5,5,5,5,5,5,3,5,5,2,42,3,2,11.0,1.0
2185,precontemplation,2,1,1,1,1,1,3,1,1,1,1,1,1,1,1,1,1,1,1,1,2.0,1.0,1.0,1.0,1.0,1.0,3.0,1.0,1.0,1.0,1.0,1.0,1.0,1.0,1.0,1.0,1.0,1.0,1.0,1.0,1,1,1,1,1,1,1,1,1,1,1,1,1,4,4,5,5,5,5,5,5,4,4,2,3,5,5,5,4,1,60,4,1,12.0,1.0
2195,precontemplation,1,1,1,1,1,1,1,2,2,1,1,1,1,1,1,1,1,1,1,1,,,,,,,,,,,,,,,,,,,,,1,1,1,2,1,1,2,1,2,3,1,3,1,2,3,2,3,5,5,5,5,3,3,3,5,5,5,5,2,1,38,2,1,19.0,25.0
2211,contemplation,1,1,1,2,3,1,2,1,2,1,3,1,3,1,3,1,1,2,1,2,1.0,1.0,1.0,2.0,4.0,1.0,2.0,1.0,2.0,1.0,3.0,1.0,3.0,1.0,3.0,1.0,1.0,2.0,1.0,2.0,1,2,1,1,1,1,1,1,1,2,1,2,1,1,1,2,3,5,5,5,5,5,5,4,5,5,5,5,2,4,55,1,1,15.0,30.9
2213,preparation,2,2,1,1,1,3,1,1,1,2,2,4,3,2,2,4,3,2,3,2,,,,,,,,,,,,,,,,,,,,,1,3,1,2,1,1,1,1,1,1,1,1,5,3,3,3,3,5,5,4,5,2,4,3,5,5,5,5,2,5,37,1,1,8.0,33.4
2218,precontemplation,1,2,1,1,1,1,1,1,1,1,1,1,1,1,1,1,2,1,1,1,1.0,2.0,1.0,1.0,1.0,1.0,1.0,1.0,1.0,1.0,1.0,1.0,1.0,1.0,1.0,1.0,2.0,1.0,1.0,1.0,1,1,1,1,1,1,1,1,1,1,2,1,4,2,3,5,3,4,4,5,4,5,5,5,5,5,5,5,4,3,42,3,2,6.0,25.0
2219,precontemplation,2,1,1,1,1,2,5,1,1,2,1,1,4,4,2,1,2,1,1,1,2.0,1.0,2.0,1.0,1.0,2.0,5.0,1.0,1.0,2.0,2.0,1.0,5.0,4.0,2.0,1.0,2.0,1.0,1.0,2.0,1,1,1,1,1,2,1,1,1,1,1,1,5,5,5,5,3,5,5,5,5,3,4,5,4,3,4,2,3,1,54,4,2,7.0,19.0
2242,preparation,1,2,1,1,1,2,1,1,1,1,5,2,3,1,5,5,3,3,1,2,1.0,2.0,1.0,1.0,1.0,2.0,1.0,1.0,1.0,1.0,5.0,2.0,3.0,1.0,5.0,5.0,3.0,3.0,1.0,2.0,1,1,2,1,1,5,2,2,2,2,1,1,4,4,5,3,5,5,4,5,5,5,3,5,5,5,5,5,4,4,35,3,1,6.0,23.5
2247,action,1,1,4,1,1,1,2,1,1,1,3,2,2,3,1,2,3,2,1,2,1.0,1.0,4.0,1.0,1.0,1.0,2.0,1.0,1.0,1.0,2.0,2.0,2.0,3.0,1.0,2.0,3.0,2.0,1.0,2.0,5,5,5,5,5,5,5,5,5,5,5,5,3,5,4,5,1,4,5,3,4,3,3,2,5,5,5,5,4,4,43,2,1,25.0,34.9
2249,precontemplation,1,2,2,2,1,2,1,2,1,1,1,1,1,1,1,1,2,1,1,1,1.0,2.0,2.0,2.0,1.0,2.0,1.0,2.0,1.0,1.0,1.0,1.0,1.0,1.0,1.0,1.0,2.0,1.0,1.0,1.0,1,1,1,1,1,1,1,1,1,1,1,2,2,1,3,2,3,5,5,5,5,4,5,5,4,5,3,4,5,1,35,2,1,6.0,11.6
2279,maintenance,1,1,1,1,1,1,1,1,1,1,1,1,1,1,1,1,1,1,1,2,,,,,,,,,,,,,,,,,,,,,5,5,5,5,5,5,5,5,5,5,5,4,5,5,5,5,5,5,5,5,5,1,4,4,5,5,5,5,2,5,31,3,2,13.0,10.6
2311,contemplation,1,1,1,2,2,1,1,1,2,1,1,4,1,1,1,1,1,2,1,1,,,,,,,,,,,,,,,,,,,,,1,1,1,1,2,1,3,4,3,2,1,1,2,1,1,2,1,5,5,5,5,3,2,5,5,5,5,4,4,3,32,4,2,9.0,17.7
2326,precontemplation,1,1,2,1,1,1,1,1,1,1,1,1,1,1,1,1,1,1,1,1,,,,,,,,,,,,,,,,,,,,,1,1,1,1,1,1,1,1,1,1,1,1,3,3,1,1,4,5,5,5,5,5,5,5,3,3,4,4,3,2,39,2,1,10.0,27.7
2334,precontemplation,1,2,1,1,1,1,1,1,1,2,1,1,1,1,1,1,1,1,1,1,2.0,2.0,1.0,1.0,1.0,1.0,1.0,1.0,1.0,2.0,1.0,1.0,1.0,1.0,1.0,1.0,1.0,1.0,1.0,1.0,1,1,1,1,1,1,1,1,1,1,1,1,1,1,2,2,2,5,5,5,5,1,1,2,5,4,4,4,5,1,47,3,2,23.0,25.4
2343,preparation,1,1,3,1,1,1,1,3,2,1,1,1,1,1,1,1,1,1,2,3,,,,,,,,,,,,,,,,,,,,,1,1,1,1,1,1,1,1,1,1,1,1,2,4,3,5,3,5,5,5,5,5,5,5,5,5,5,5,4,4,51,3,1,27.0,27.9
2372,precontemplation,1,1,2,1,1,1,1,1,1,3,1,1,1,1,2,2,2,1,1,1,1.0,1.0,2.0,1.0,1.0,1.0,1.0,1.0,1.0,3.0,1.0,2.0,1.0,1.0,2.0,2.0,2.0,1.0,1.0,1.0,1,1,1,1,1,1,2,1,1,2,1,4,4,3,5,3,4,5,5,5,5,5,4,4,1,3,3,4,2,1,57,4,1,23.0,33.3
2380,action,1,3,1,1,1,1,1,1,1,1,1,1,1,1,1,1,1,1,1,1,1.0,2.0,1.0,1.0,1.0,1.0,1.0,1.0,1.0,2.0,1.0,1.0,1.0,1.0,1.0,1.0,1.0,1.0,1.0,1.0,4,4,4,5,5,1,5,5,5,5,4,5,3,2,5,4,1,5,5,5,5,5,3,3,5,5,5,5,2,5,44,3,2,28.0,3.2
2383,precontemplation,1,1,1,1,1,2,1,1,1,1,1,2,1,1,1,2,1,1,1,2,1.0,1.0,1.0,1.0,1.0,2.0,1.0,1.0,1.0,1.0,1.0,2.0,1.0,1.0,1.0,2.0,1.0,1.0,1.0,2.0,1,3,2,1,2,4,1,1,1,3,1,1,2,3,3,1,2,5,5,5,5,4,4,2,5,3,3,4,3,2,55,2,2,21.0,20.5
2397,precontemplation,1,1,1,1,1,1,1,1,1,1,1,1,1,5,1,2,1,5,1,3,1.0,1.0,1.0,1.0,1.0,1.0,1.0,1.0,2.0,1.0,1.0,1.0,1.0,5.0,2.0,1.0,1.0,5.0,1.0,3.0,1,1,1,1,1,1,1,1,2,1,1,2,4,2,2,2,2,5,5,5,5,4,3,3,5,5,5,5,4,1,41,4,1,16.0,3.9
2412,precontemplation,5,3,2,1,2,3,3,4,4,2,1,1,1,1,1,2,1,1,1,1,5.0,3.0,2.0,1.0,2.0,3.0,3.0,4.0,4.0,2.0,1.0,1.0,1.0,1.0,1.0,2.0,1.0,1.0,1.0,1.0,2,1,1,1,2,1,1,2,1,1,3,3,1,2,4,5,3,5,5,5,5,2,4,4,5,5,5,5,3,3,44,2,2,13.0,8.7
2419,preparation,4,1,2,3,4,3,2,2,2,5,5,1,1,1,1,1,2,1,1,1,4.0,1.0,2.0,3.0,4.0,3.0,2.0,1.0,2.0,5.0,5.0,1.0,1.0,1.0,1.0,1.0,2.0,1.0,1.0,1.0,1,1,1,1,1,1,1,1,1,1,1,1,4,4,4,2,2,5,5,5,5,5,5,5,4,4,5,5,2,4,21,2,1,7.0,5.0
2431,contemplation,1,2,1,1,1,1,5,1,1,1,1,4,3,1,2,2,2,3,1,1,1.0,2.0,1.0,1.0,1.0,2.0,5.0,1.0,1.0,1.0,1.0,4.0,3.0,1.0,2.0,2.0,2.0,3.0,2.0,1.0,1,1,1,1,1,5,1,1,1,1,1,1,5,4,5,4,5,5,5,5,5,4,4,2,5,5,5,5,4,2,32,3,2,14.0,18.4
2446,precontemplation,1,1,3,1,5,1,2,2,3,1,1,1,1,1,1,1,1,1,1,1,1.0,1.0,3.0,1.0,5.0,1.0,2.0,2.0,3.0,1.0,1.0,1.0,1.0,1.0,1.0,1.0,1.0,1.0,1.0,1.0,1,1,1,1,1,1,1,1,1,1,1,1,1,2,2,2,1,5,5,5,5,5,4,5,5,5,5,5,5,2,54,2,1,36.0,17.3
2449,precontemplation,1,1,1,1,1,2,1,1,1,1,1,1,1,2,1,1,1,1,3,1,,,,,,,,,,,,,,,,,,,,,1,1,1,1,1,1,1,1,1,1,1,1,2,3,4,2,1,4,5,5,5,4,5,5,5,5,5,5,4,1,45,3,2,12.0,4.1
2463,precontemplation,2,1,2,2,1,1,1,1,1,1,1,1,1,1,1,1,1,1,1,3,2.0,1.0,2.0,2.0,1.0,1.0,1.0,1.0,1.0,1.0,1.0,1.0,1.0,1.0,1.0,1.0,1.0,1.0,1.0,3.0,1,1,1,1,2,1,1,1,1,4,1,1,4,4,5,4,5,5,5,5,5,5,5,1,5,5,5,5,2,1,34,4,1,24.0,12.6
2482,preparation,1,1,1,3,3,1,2,2,1,2,1,1,1,1,1,1,1,1,1,1,,,,,,,,,,,,,,,,,,,,,1,1,1,1,1,1,1,2,1,2,1,1,1,1,4,2,1,5,5,5,5,5,5,5,5,4,4,5,5,3,41,2,1,6.0,12.7
2502,action,1,1,1,1,1,1,1,1,1,1,1,1,1,1,1,1,1,1,1,1,1.0,1.0,1.0,1.0,1.0,1.0,1.0,1.0,1.0,1.0,1.0,1.0,1.0,1.0,1.0,2.0,1.0,1.0,1.0,1.0,5,5,5,5,5,5,5,5,5,5,5,4,5,5,5,4,5,5,5,4,5,3,2,4,3,5,3,4,3,5,50,4,2,21.0,8.1
2509,contemplation,3,1,2,2,3,2,1,2,3,2,1,3,1,2,1,1,3,3,2,3,3.0,1.0,2.0,2.0,3.0,2.0,1.0,2.0,3.0,2.0,1.0,2.0,1.0,2.0,1.0,1.0,3.0,3.0,2.0,3.0,1,1,1,1,1,2,1,1,2,1,1,1,3,1,4,4,2,5,5,5,5,5,4,4,5,5,5,4,4,3,26,3,2,13.0,16.0
2523,preparation,1,1,1,1,1,1,1,2,1,1,1,3,5,1,2,1,2,1,1,1,,,,,,,,,,,,,,,,,,,,,1,1,1,1,1,1,1,1,1,1,1,1,3,5,3,4,2,5,5,5,5,2,5,2,2,5,2,5,3,3,37,4,1,3.0,9.8
2554,preparation,1,1,1,1,3,1,1,1,1,1,3,2,2,2,4,2,5,2,3,1,1.0,1.0,1.0,1.0,3.0,1.0,2.0,1.0,1.0,1.0,3.0,2.0,2.0,2.0,4.0,2.0,5.0,2.0,3.0,1.0,2,1,2,3,1,1,3,3,1,5,2,3,4,5,5,5,5,3,5,5,4,5,5,4,5,3,5,5,3,3,64,4,1,7.0,21.6
2668,preparation,1,1,1,1,1,1,1,1,1,1,1,1,1,1,1,1,1,1,2,1,1.0,1.0,1.0,1.0,1.0,1.0,1.0,1.0,1.0,1.0,1.0,1.0,1.0,1.0,1.0,1.0,1.0,1.0,2.0,1.0,2,1,2,1,1,1,1,1,1,1,1,1,2,4,4,3,4,5,5,5,5,5,4,2,5,4,3,2,3,3,48,2,1,29.0,17.7
2719,contemplation,1,3,2,1,1,1,1,1,2,1,4,2,4,3,3,3,5,4,3,2,1.0,3.0,1.0,1.0,1.0,1.0,1.0,1.0,2.0,1.0,4.0,2.0,4.0,2.0,3.0,3.0,5.0,4.0,3.0,2.0,1,1,1,1,1,4,1,1,1,2,3,1,5,3,4,3,5,5,5,5,5,5,5,5,5,4,3,5,2,2,40,4,2,9.0,10.5
2723,precontemplation,1,1,1,1,1,1,2,1,1,1,1,1,1,1,1,1,1,1,1,1,1.0,1.0,1.0,1.0,1.0,1.0,2.0,1.0,1.0,1.0,1.0,1.0,1.0,1.0,1.0,1.0,1.0,1.0,1.0,1.0,1,1,1,1,1,1,2,2,1,1,1,3,3,4,2,3,1,5,5,5,5,5,4,1,3,4,5,5,4,1,39,4,1,25.0,20.3
2732,action,1,1,1,1,1,1,1,1,1,2,1,1,1,1,3,1,2,1,2,1,,,,,,,,,,,,,,,,,,,,,5,5,5,5,5,3,5,5,5,5,5,5,4,3,4,4,4,5,4,5,5,4,5,5,5,5,5,5,3,5,20,3,1,6.0,27.1
2743,preparation,2,4,3,2,1,2,1,3,5,3,3,2,2,3,3,1,1,2,3,1,,,,,,,,,,,,,,,,,,,,,4,3,5,4,4,3,3,4,4,3,5,2,5,2,4,2,3,5,5,5,5,4,4,5,5,5,5,5,3,3,18,2,1,11.0,20.1
2771,precontemplation,1,1,1,1,1,1,1,1,1,1,1,1,1,1,1,1,1,1,1,1,1.0,1.0,1.0,1.0,1.0,1.0,1.0,1.0,1.0,1.0,1.0,1.0,1.0,1.0,1.0,1.0,1.0,1.0,1.0,1.0,1,1,1,1,1,1,1,1,1,1,1,1,4,5,2,2,4,4,4,5,5,2,4,3,5,5,4,3,2,3,34,1,1,55.0,11.3
2789,contemplation,2,2,1,2,3,1,1,2,1,2,1,2,1,1,2,1,1,1,1,1,1.0,3.0,1.0,2.0,3.0,1.0,1.0,2.0,1.0,3.0,1.0,2.0,1.0,1.0,2.0,1.0,1.0,1.0,1.0,1.0,1,1,1,1,1,1,1,1,1,1,1,1,1,4,4,2,4,5,5,5,5,5,5,5,3,2,4,5,2,3,48,1,1,7.0,23.4
2832,contemplation,1,1,1,1,1,1,1,1,1,1,1,1,1,1,1,1,1,1,1,1,1.0,1.0,1.0,1.0,1.0,1.0,2.0,1.0,1.0,1.0,1.0,1.0,1.0,1.0,1.0,1.0,1.0,1.0,1.0,1.0,1,1,1,1,1,1,3,1,3,3,1,3,1,4,4,1,3,5,3,5,5,5,4,3,3,5,5,5,2,3,47,2,1,8.0,29.3
2848,precontemplation,1,1,1,1,1,2,1,1,1,1,1,1,1,1,1,2,1,1,1,1,,,,,,,,,,,,,,,,,,,,,1,1,1,1,1,1,1,1,1,1,1,1,2,1,2,3,1,5,5,5,5,5,5,5,5,5,5,5,5,1,38,3,2,21.0,25.6
2867,contemplation,1,1,1,1,1,1,1,1,1,1,1,5,2,2,3,3,2,3,5,2,,,,,,,,,,,,,,,,,,,,,1,1,1,1,1,1,1,1,1,1,1,1,5,5,3,2,5,5,5,5,5,5,5,5,5,5,5,5,5,2,36,3,2,17.0,13.1
2868,preparation,2,1,1,1,1,1,1,2,1,1,2,1,3,3,2,2,3,2,2,1,2.0,1.0,1.0,1.0,1.0,1.0,1.0,2.0,1.0,1.0,2.0,1.0,3.0,3.0,2.0,2.0,4.0,2.0,2.0,1.0,1,1,1,1,1,2,1,1,1,1,1,1,5,5,5,4,5,5,5,5,5,5,4,5,5,5,5,4,3,2,48,4,2,10.0,13.6
2899,contemplation,2,1,1,2,1,1,1,1,1,1,5,3,4,3,3,3,5,5,5,4,,,,,,,,,,,,,,,,,,,,,1,1,1,3,1,1,1,1,1,1,1,2,5,2,4,4,2,5,5,5,5,4,3,4,3,5,4,5,5,3,41,4,1,22.0,15.7
2908,preparation,1,2,2,1,1,2,1,1,1,1,1,4,5,2,3,2,2,2,1,2,1.0,2.0,2.0,1.0,1.0,2.0,1.0,1.0,1.0,1.0,2.0,4.0,5.0,2.0,3.0,1.0,2.0,3.0,1.0,2.0,1,1,2,2,1,2,1,2,3,1,2,1,5,3,5,4,5,5,5,5,5,5,5,5,5,5,5,5,5,3,26,3,1,29.0,14.4
2920,action,1,1,1,1,1,1,1,1,1,3,3,1,1,1,2,1,1,1,2,1,,,,,,,,,,,,,,,,,,,,,5,5,5,5,5,5,5,5,5,5,5,5,1,2,4,2,2,3,3,2,2,4,4,5,5,5,4,5,2,4,32,2,1,8.0,25.8
3002,preparation,2,1,2,1,1,1,1,1,1,1,1,1,2,1,1,1,2,1,1,1,2.0,1.0,2.0,1.0,1.0,1.0,1.0,1.0,1.0,1.0,1.0,1.0,2.0,1.0,1.0,1.0,2.0,1.0,1.0,1.0,1,2,1,1,1,1,1,2,1,1,1,1,1,1,1,1,1,5,5,5,5,5,2,4,5,4,4,5,4,3,35,2,1,18.0,18.2
3027,contemplation,1,1,2,1,1,1,1,1,1,1,2,1,1,1,1,1,1,1,1,1,1.0,1.0,2.0,1.0,1.0,1.0,1.0,1.0,2.0,1.0,2.0,1.0,1.0,1.0,1.0,1.0,1.0,1.0,2.0,1.0,1,1,1,1,1,1,1,1,1,1,1,1,2,2,1,4,1,5,5,5,5,3,2,4,5,5,4,5,5,3,58,2,1,8.0,36.9
3095,preparation,1,5,2,1,5,1,2,1,1,3,2,2,1,1,2,2,2,1,2,1,1.0,5.0,2.0,1.0,5.0,1.0,2.0,1.0,2.0,3.0,3.0,2.0,1.0,2.0,3.0,2.0,2.0,1.0,2.0,1.0,2,4,3,4,5,4,3,2,4,4,4,4,1,2,1,1,1,5,5,5,5,5,5,5,5,5,5,3,5,4,34,2,2,21.0,8.0
3097,preparation,1,1,3,1,2,2,1,1,2,1,2,1,2,2,3,4,2,1,1,1,1.0,1.0,3.0,1.0,2.0,1.0,2.0,1.0,2.0,1.0,2.0,1.0,2.0,2.0,3.0,4.0,2.0,1.0,1.0,1.0,1,1,1,1,2,1,4,3,1,5,1,1,1,5,4,4,4,5,5,5,5,5,5,5,5,5,5,5,4,4,48,3,1,16.0,6.8
3144,preparation,2,1,3,1,3,2,2,1,3,1,2,1,1,1,2,1,1,2,1,3,2.0,1.0,3.0,1.0,3.0,2.0,2.0,1.0,3.0,1.0,2.0,1.0,1.0,1.0,2.0,1.0,1.0,1.0,1.0,3.0,3,1,4,2,3,1,1,1,1,1,1,1,2,3,1,3,3,4,5,5,4,5,3,5,5,4,5,3,5,4,51,4,1,4.0,33.8
3148,preparation,2,1,1,1,1,1,1,1,2,1,1,1,1,1,2,1,1,1,1,2,,,,,,,,,,,,,,,,,,,,,1,1,1,1,1,1,1,1,1,1,1,1,2,5,2,4,4,5,5,5,5,5,5,5,5,5,4,5,2,4,39,1,1,7.0,8.9
3156,precontemplation,1,1,1,1,1,1,1,1,1,2,1,1,1,1,1,1,1,2,1,1,1.0,1.0,1.0,1.0,1.0,1.0,1.0,1.0,1.0,3.0,1.0,1.0,1.0,1.0,1.0,1.0,1.0,2.0,1.0,1.0,1,1,1,1,1,1,1,2,4,2,2,1,5,4,3,5,3,4,5,5,5,3,5,5,5,4,5,3,5,1,45,4,3,7.0,1.0
3167,precontemplation,1,1,1,1,1,1,1,1,1,1,1,2,1,1,1,2,1,1,3,2,,,,,,,,,,,,,,,,,,,,,1,1,1,1,1,2,1,1,1,1,1,1,4,1,2,2,1,5,5,5,5,4,4,5,4,5,5,5,4,2,59,2,1,10.0,21.6
3182,preparation,5,1,3,4,4,2,1,3,2,5,5,5,4,4,4,5,4,4,2,1,5.0,1.0,3.0,4.0,4.0,2.0,1.0,3.0,2.0,5.0,5.0,5.0,4.0,4.0,3.0,4.0,4.0,4.0,2.0,1.0,1,1,1,1,1,1,1,1,1,1,1,1,1,4,5,1,4,5,5,5,5,3,4,3,5,5,4,5,4,4,53,3,1,13.0,24.0
3197,preparation,2,2,4,3,1,3,2,2,1,1,3,1,2,2,3,1,1,3,2,2,2.0,2.0,4.0,3.0,2.0,3.0,2.0,2.0,1.0,1.0,3.0,1.0,2.0,2.0,3.0,1.0,1.0,3.0,2.0,2.0,1,1,1,1,1,1,1,2,1,1,1,1,5,5,3,5,3,5,5,5,5,3,5,3,4,4,4,5,3,3,45,2,2,5.0,27.2
3233,precontemplation,4,1,2,3,2,2,1,1,1,1,1,1,1,1,2,1,3,1,1,1,4.0,1.0,2.0,3.0,2.0,2.0,1.0,1.0,1.0,1.0,1.0,1.0,1.0,1.0,2.0,1.0,3.0,1.0,1.0,2.0,1,1,1,2,1,2,1,1,1,1,1,1,4,3,4,5,1,5,5,5,5,1,5,3,5,4,5,5,3,1,56,4,2,12.0,14.5
3256,precontemplation,2,1,2,1,2,1,1,1,1,1,2,3,4,2,2,2,3,1,1,4,,,,,,,,,,,,,,,,,,,,,1,1,1,1,1,1,1,1,1,2,3,1,2,3,5,4,5,4,5,5,5,4,5,4,5,5,5,5,2,3,18,3,1,9.0,25.9
3269,precontemplation,1,1,2,1,3,1,1,2,1,2,1,3,3,3,1,3,2,2,1,1,1.0,1.0,2.0,1.0,3.0,1.0,1.0,2.0,1.0,2.0,1.0,3.0,3.0,3.0,1.0,3.0,2.0,2.0,1.0,1.0,1,1,1,1,1,1,1,1,1,1,1,1,4,4,3,1,5,5,4,4,4,2,2,3,5,5,4,5,3,2,48,4,1,11.0,23.8
3309,maintenance,1,1,1,1,1,1,1,1,1,1,1,1,1,1,1,1,3,1,3,2,1.0,1.0,1.0,1.0,1.0,1.0,2.0,1.0,1.0,1.0,1.0,1.0,1.0,1.0,1.0,1.0,3.0,1.0,3.0,2.0,5,5,5,5,5,5,5,5,5,5,5,5,5,4,3,5,2,5,5,5,5,5,5,5,5,5,5,5,2,5,66,3,2,5.0,30.8
3318,contemplation,1,1,1,1,1,1,1,1,1,1,3,5,2,4,2,2,4,5,1,1,1.0,1.0,1.0,1.0,1.0,1.0,1.0,1.0,1.0,1.0,3.0,5.0,2.0,4.0,2.0,2.0,4.0,5.0,2.0,1.0,1,1,1,1,1,1,1,1,1,1,1,1,1,2,4,2,4,5,5,5,5,4,5,5,4,5,5,5,3,2,30,3,1,1.0,11.4
3328,contemplation,1,1,1,1,1,1,1,1,1,1,1,3,2,1,1,2,3,1,2,2,1.0,1.0,1.0,1.0,1.0,1.0,1.0,1.0,1.0,1.0,1.0,3.0,2.0,1.0,1.0,2.0,3.0,1.0,2.0,2.0,1,2,1,2,1,1,1,1,1,1,1,2,5,4,5,3,4,3,5,3,5,2,4,5,5,5,5,5,2,3,45,4,2,14.0,19.6
3336,precontemplation,1,1,1,1,1,1,1,1,1,3,2,5,1,2,3,2,3,1,3,1,,,,,,,,,,,,,,,,,,,,,1,1,1,1,1,1,1,1,1,1,1,1,4,5,5,3,5,5,5,5,5,5,5,2,5,5,5,5,2,1,28,3,1,18.0,34.5
3348,precontemplation,1,3,2,3,3,1,1,1,5,3,1,1,1,1,1,1,1,1,1,1,1.0,3.0,2.0,3.0,3.0,1.0,1.0,1.0,5.0,3.0,1.0,1.0,1.0,1.0,1.0,1.0,1.0,1.0,1.0,1.0,1,1,1,1,1,1,1,1,1,1,1,1,4,5,5,5,5,5,2,4,5,4,5,4,5,5,5,5,3,3,28,3,1,21.0,35.5
3351,contemplation,1,1,1,1,1,1,1,1,1,1,1,1,2,1,1,1,1,1,1,3,1.0,1.0,1.0,1.0,1.0,1.0,1.0,1.0,1.0,1.0,1.0,1.0,2.0,1.0,1.0,1.0,1.0,1.0,1.0,3.0,1,1,1,1,1,1,1,1,1,1,1,1,5,5,5,5,5,5,5,5,5,5,5,4,3,3,3,5,4,2,34,2,1,6.0,18.2
3353,maintenance,1,1,1,1,1,1,1,1,1,1,1,1,1,1,3,2,2,1,1,1,1.0,1.0,1.0,1.0,1.0,1.0,1.0,1.0,1.0,1.0,1.0,1.0,1.0,1.0,3.0,2.0,2.0,1.0,1.0,1.0,5,5,5,5,4,5,5,5,5,5,5,5,3,4,5,3,3,5,5,5,5,2,4,4,4,5,4,5,3,5,18,3,1,9.0,17.1
3432,contemplation,2,1,1,1,1,1,1,1,1,1,2,3,1,1,1,1,1,1,1,1,,,,,,,,,,,,,,,,,,,,,1,1,1,1,1,2,1,1,1,1,1,2,5,4,4,4,5,5,5,5,5,3,4,3,5,5,5,5,5,3,40,2,2,56.0,11.9
3444,precontemplation,3,1,1,1,3,2,1,1,2,2,1,1,2,2,1,1,1,1,1,1,3.0,1.0,1.0,1.0,3.0,2.0,1.0,1.0,2.0,2.0,1.0,1.0,2.0,1.0,1.0,1.0,1.0,1.0,2.0,1.0,4,4,3,2,2,3,1,1,1,1,3,2,4,3,4,3,4,5,5,5,5,5,5,5,5,5,5,5,2,1,18,4,2,14.0,11.9
3446,precontemplation,1,1,1,1,1,1,1,1,1,1,1,1,1,2,1,1,1,1,1,1,1.0,2.0,1.0,1.0,2.0,2.0,1.0,1.0,1.0,1.0,1.0,1.0,1.0,2.0,1.0,1.0,1.0,1.0,1.0,1.0,1,1,1,1,1,1,1,1,1,1,1,1,5,4,5,5,3,4,5,5,2,3,3,5,5,3,5,3,3,2,26,3,1,9.0,15.6
3456,contemplation,1,1,1,2,1,3,1,2,2,1,3,3,1,3,2,1,2,1,4,1,1.0,1.0,1.0,2.0,1.0,3.0,1.0,2.0,2.0,1.0,3.0,3.0,1.0,3.0,2.0,1.0,2.0,1.0,5.0,1.0,1,1,1,1,1,1,1,1,1,1,2,1,1,2,2,2,2,5,5,4,5,5,5,4,5,5,2,4,2,2,45,4,1,10.0,4.4
3458,precontemplation,1,1,1,1,1,1,2,1,1,1,2,2,1,1,4,2,1,1,2,1,,,,,,,,,,,,,,,,,,,,,1,1,1,1,1,1,1,2,1,4,2,3,5,5,5,5,4,5,5,5,5,5,5,5,5,5,4,2,3,2,51,2,2,14.0,16.7
3460,contemplation,3,1,2,2,4,1,2,3,1,3,5,5,5,5,3,4,4,2,5,4,,,,,,,,,,,,,,,,,,,,,4,3,4,5,4,5,3,1,4,3,2,2,5,5,2,2,3,5,5,5,5,4,4,4,5,5,5,4,5,3,50,4,2,20.0,25.4
3473,contemplation,2,3,2,2,2,1,1,2,2,3,4,1,4,4,2,3,5,4,5,5,2.0,3.0,2.0,2.0,2.0,1.0,1.0,2.0,2.0,3.0,5.0,1.0,4.0,4.0,2.0,3.0,5.0,4.0,5.0,5.0,1,1,1,1,1,1,1,1,1,1,1,1,5,1,5,2,1,5,5,5,5,3,4,3,5,5,5,5,3,1,44,2,2,38.0,36.3
3475,precontemplation,1,1,1,1,1,1,1,1,1,1,1,1,1,1,1,1,2,1,1,1,1.0,1.0,1.0,1.0,1.0,1.0,1.0,1.0,1.0,1.0,1.0,1.0,1.0,1.0,1.0,2.0,2.0,1.0,1.0,1.0,1,1,1,1,1,1,1,1,1,1,1,1,5,4,5,4,5,5,5,5,5,3,3,2,5,5,5,5,4,1,29,4,3,5.0,14.3
3476,precontemplation,1,1,1,1,1,1,1,1,1,1,1,1,1,1,2,1,1,2,1,1,1.0,1.0,1.0,1.0,1.0,1.0,1.0,1.0,1.0,1.0,1.0,1.0,1.0,1.0,3.0,1.0,1.0,2.0,1.0,1.0,1,1,1,2,1,1,1,1,1,1,1,1,5,5,4,4,5,5,5,4,5,3,4,5,5,5,5,5,5,1,43,2,2,18.0,7.8
3492,precontemplation,1,1,1,1,1,1,1,1,1,1,1,1,1,1,1,1,1,1,1,1,1.0,1.0,2.0,1.0,1.0,1.0,1.0,1.0,1.0,1.0,1.0,1.0,1.0,1.0,1.0,1.0,1.0,1.0,1.0,1.0,4,1,2,1,1,5,1,1,1,1,1,3,4,5,5,4,3,5,5,5,5,5,3,4,5,5,5,5,5,1,51,3,1,3.0,24.3
3493,contemplation,1,1,1,1,1,1,1,1,1,1,3,3,3,1,4,4,2,3,1,4,,,,,,,,,,,,,,,,,,,,,1,2,2,1,1,4,1,1,1,1,2,1,2,3,4,2,2,3,4,5,5,4,5,4,5,5,5,5,3,2,33,2,2,12.0,9.7
3497,preparation,1,1,1,1,4,1,1,1,1,2,1,2,1,3,1,2,2,1,1,1,1.0,1.0,1.0,1.0,4.0,1.0,1.0,2.0,1.0,2.0,1.0,2.0,1.0,2.0,1.0,2.0,2.0,1.0,1.0,1.0,3,1,1,1,1,3,2,1,2,4,1,4,2,2,1,1,3,4,4,5,5,5,5,2,5,5,5,5,4,3,36,2,1,20.0,39.3
3508,contemplation,2,2,1,1,1,1,2,3,1,1,2,3,2,4,1,1,1,3,1,1,2.0,2.0,1.0,1.0,2.0,1.0,2.0,3.0,2.0,1.0,2.0,3.0,2.0,4.0,1.0,1.0,1.0,3.0,1.0,1.0,1,1,2,2,1,3,1,1,1,2,1,3,2,4,2,3,5,4,5,5,5,5,5,5,4,5,3,4,3,3,29,4,1,9.0,20.8
3522,contemplation,3,1,2,1,4,1,2,2,1,1,1,2,2,1,1,3,1,2,2,1,3.0,1.0,1.0,1.0,4.0,1.0,2.0,2.0,1.0,1.0,1.0,2.0,2.0,1.0,1.0,3.0,1.0,2.0,2.0,1.0,1,1,1,1,1,2,1,1,1,3,1,3,4,4,4,5,3,5,5,5,5,5,3,5,5,5,5,5,5,3,37,2,1,11.0,17.6
3524,preparation,1,1,1,1,1,1,1,1,1,1,2,2,2,3,2,5,1,4,2,3,,,,,,,,,,,,,,,,,,,,,1,1,1,1,1,1,1,1,1,1,1,1,5,2,2,4,2,5,5,5,5,5,3,4,5,4,5,5,2,4,52,4,1,24.0,33.7
3532,contemplation,1,1,1,2,1,1,1,3,2,1,2,4,3,1,3,2,4,4,2,3,1.0,1.0,1.0,2.0,1.0,1.0,1.0,3.0,3.0,1.0,2.0,4.0,3.0,1.0,3.0,2.0,4.0,4.0,2.0,3.0,1,1,1,2,1,2,1,1,1,2,2,1,5,3,2,4,4,5,5,5,4,4,3,5,4,4,5,4,4,3,52,1,1,21.0,47.6
3533,action,1,1,1,1,1,1,1,1,1,1,1,1,1,2,1,1,2,1,2,1,1.0,1.0,1.0,1.0,1.0,1.0,1.0,1.0,1.0,1.0,1.0,1.0,2.0,2.0,1.0,1.0,2.0,1.0,2.0,1.0,4,4,4,5,3,5,4,4,2,3,5,2,5,4,5,5,4,5,4,5,5,4,5,5,5,5,5,5,5,5,18,4,1,11.0,3.8
3542,contemplation,3,2,1,2,2,3,2,4,4,2,1,2,5,4,5,4,4,4,1,4,3.0,2.0,1.0,2.0,2.0,3.0,2.0,3.0,4.0,2.0,1.0,2.0,5.0,4.0,5.0,4.0,4.0,4.0,1.0,4.0,2,1,1,1,2,2,1,2,2,1,3,4,3,2,2,1,1,5,5,5,5,4,3,3,5,5,5,5,3,2,46,3,1,4.0,11.9
3610,contemplation,1,1,1,1,1,1,1,1,1,1,3,2,1,2,1,1,1,1,1,1,2.0,1.0,1.0,1.0,1.0,1.0,1.0,1.0,1.0,1.0,3.0,2.0,1.0,2.0,1.0,1.0,1.0,1.0,1.0,1.0,1,2,1,3,2,4,2,3,3,2,1,5,3,2,3,5,5,5,5,5,5,5,5,3,5,5,5,5,5,4,32,3,1,8.0,7.6
3675,action,1,1,1,1,1,4,1,2,1,3,2,3,3,3,3,3,3,4,2,4,,,,,,,,,,,,,,,,,,,,,5,4,4,3,5,4,4,4,3,5,5,4,3,5,5,4,5,5,5,5,5,5,5,5,5,2,5,5,5,5,61,3,1,14.0,37.3
3712,contemplation,1,3,1,1,1,1,2,1,3,1,2,2,2,3,1,2,1,2,2,1,,,,,,,,,,,,,,,,,,,,,1,1,1,1,1,1,1,1,1,1,1,1,4,4,5,4,3,5,5,5,5,5,4,3,5,5,5,5,3,2,44,3,2,14.0,18.8
3725,contemplation,1,2,1,1,1,1,2,1,2,1,2,1,3,2,4,3,3,3,3,4,1.0,2.0,1.0,1.0,1.0,1.0,2.0,1.0,2.0,1.0,2.0,2.0,3.0,2.0,4.0,4.0,3.0,3.0,2.0,4.0,1,1,1,1,1,1,2,1,1,2,1,2,3,1,3,2,1,5,5,5,5,4,4,2,5,5,5,5,5,2,25,1,2,10.0,27.1
3726,preparation,1,1,1,1,1,1,1,1,1,1,5,1,5,4,3,3,5,3,3,3,1.0,1.0,1.0,1.0,2.0,1.0,1.0,1.0,1.0,1.0,5.0,2.0,5.0,4.0,3.0,3.0,5.0,3.0,3.0,3.0,1,1,1,1,1,1,1,1,1,1,1,3,4,5,4,4,3,5,5,5,5,5,5,4,5,5,5,4,5,4,36,3,1,12.0,1.0
3769,preparation,1,1,3,1,3,1,1,2,2,1,2,1,3,1,4,2,5,4,4,1,,,,,,,,,,,,,,,,,,,,,1,1,1,1,2,1,1,1,1,1,1,1,5,3,4,5,3,4,5,5,5,3,5,5,5,5,5,4,2,4,35,2,1,5.0,50.0
3776,precontemplation,1,1,1,1,1,1,1,1,1,1,3,2,3,1,1,1,2,3,1,2,,,,,,,,,,,,,,,,,,,,,1,1,1,1,1,1,1,1,1,1,1,2,3,2,1,4,1,5,5,5,5,4,4,5,5,5,5,5,5,2,32,1,2,10.0,24.4
3777,contemplation,1,1,2,1,1,1,1,1,1,1,2,3,2,1,2,1,3,1,3,1,1.0,1.0,2.0,1.0,1.0,1.0,1.0,1.0,1.0,1.0,2.0,3.0,2.0,1.0,2.0,1.0,3.0,1.0,3.0,1.0,2,1,3,2,2,2,1,1,2,2,3,1,3,5,3,1,3,5,4,4,5,5,5,5,5,5,5,5,5,2,43,2,1,16.0,27.3
3781,contemplation,1,1,2,1,1,1,1,1,1,1,4,5,5,4,3,2,3,1,2,4,,,,,,,,,,,,,,,,,,,,,1,1,1,1,1,1,1,1,1,1,1,3,5,5,3,4,5,5,5,5,5,5,4,5,5,2,5,3,4,2,44,1,1,21.0,40.5
3786,contemplation,1,4,2,1,3,4,2,1,1,1,2,1,1,2,1,1,1,1,1,1,,,,,,,,,,,,,,,,,,,,,1,1,1,2,1,1,2,1,2,2,2,1,4,2,3,2,4,4,5,4,3,2,5,5,5,5,5,5,2,2,21,4,1,24.0,4.3
3819,contemplation,1,1,1,2,1,1,3,1,1,1,4,2,3,3,3,4,5,4,3,3,1.0,1.0,1.0,1.0,1.0,1.0,3.0,1.0,1.0,2.0,4.0,2.0,3.0,3.0,3.0,3.0,5.0,4.0,3.0,3.0,1,1,1,1,1,1,1,1,1,1,1,1,1,1,1,2,2,4,4,5,3,5,1,2,3,3,2,3,5,3,33,2,1,13.0,42.4
3840,contemplation,1,1,1,1,1,1,1,1,1,1,1,1,2,3,1,3,4,1,2,4,,,,,,,,,,,,,,,,,,,,,1,1,1,1,1,1,1,1,1,1,1,1,5,5,5,5,5,5,5,5,5,5,5,4,5,5,5,5,2,3,45,3,2,9.0,16.9
3850,preparation,4,1,1,4,2,3,2,1,4,4,4,1,2,1,2,3,2,1,3,2,4.0,1.0,1.0,3.0,2.0,3.0,2.0,2.0,4.0,4.0,4.0,1.0,2.0,1.0,3.0,3.0,2.0,2.0,3.0,2.0,1,2,1,1,1,1,5,3,3,5,2,4,5,5,5,3,3,5,5,5,5,4,4,5,4,3,4,3,3,4,35,1,2,17.0,12.9
3871,contemplation,1,3,1,2,3,3,1,1,1,3,2,2,2,1,1,1,2,3,4,1,1.0,3.0,1.0,2.0,4.0,3.0,1.0,1.0,1.0,3.0,2.0,2.0,2.0,1.0,1.0,2.0,1.0,3.0,4.0,1.0,1,1,1,1,1,1,1,1,1,1,1,1,4,5,3,2,2,5,5,5,5,5,5,5,3,3,5,5,2,3,19,3,2,11.0,6.6
3874,preparation,1,3,1,1,1,1,1,2,4,1,1,1,1,1,1,1,1,1,1,3,1.0,3.0,1.0,1.0,1.0,1.0,1.0,2.0,4.0,1.0,1.0,1.0,1.0,1.0,1.0,1.0,1.0,1.0,1.0,3.0,1,1,1,1,2,1,1,1,1,1,1,1,1,5,3,3,4,4,4,5,5,3,4,4,5,5,5,5,3,3,46,3,1,22.0,29.7
3878,contemplation,1,1,1,1,1,1,1,1,1,1,1,4,2,3,4,3,3,4,3,2,1.0,1.0,1.0,1.0,1.0,1.0,1.0,1.0,1.0,1.0,1.0,4.0,2.0,3.0,4.0,3.0,3.0,4.0,3.0,2.0,3,2,4,1,1,2,3,3,1,4,3,1,3,3,3,5,4,3,5,5,5,5,3,5,2,1,3,4,5,2,38,3,1,18.0,22.1
3879,precontemplation,3,2,1,1,1,2,2,3,1,2,1,1,1,2,1,1,1,1,1,1,3.0,1.0,1.0,1.0,1.0,2.0,2.0,3.0,1.0,2.0,1.0,1.0,1.0,2.0,1.0,1.0,1.0,1.0,1.0,1.0,1,1,1,2,1,1,1,1,1,1,1,3,3,1,1,3,3,5,5,5,5,5,5,5,5,5,4,5,2,1,48,2,2,10.0,7.7
3890,contemplation,1,1,1,3,1,1,1,1,1,1,1,1,2,1,3,1,1,1,1,1,1.0,1.0,1.0,3.0,1.0,1.0,1.0,1.0,1.0,1.0,1.0,1.0,2.0,1.0,3.0,1.0,1.0,1.0,1.0,1.0,1,1,1,1,1,1,1,1,1,1,1,1,1,1,1,1,1,5,5,5,4,5,5,4,5,5,5,5,5,1,27,4,1,10.0,8.4
3895,contemplation,1,1,1,1,1,2,1,1,1,1,5,5,2,2,2,4,3,4,2,2,1.0,1.0,1.0,1.0,1.0,2.0,2.0,1.0,1.0,1.0,5.0,4.0,2.0,2.0,2.0,4.0,3.0,4.0,2.0,2.0,1,1,4,2,3,2,1,1,1,2,3,1,2,5,4,4,5,5,5,3,5,5,5,5,5,4,5,5,2,2,48,4,2,22.0,1.0
3997,contemplation,2,2,3,4,5,2,1,2,3,3,3,4,5,2,5,4,2,4,4,4,2.0,2.0,3.0,4.0,5.0,3.0,1.0,2.0,3.0,3.0,3.0,4.0,5.0,2.0,5.0,4.0,2.0,4.0,4.0,4.0,1,1,1,1,1,2,1,1,1,3,1,1,5,3,4,5,5,5,5,5,5,4,3,3,2,5,5,4,2,3,34,3,3,26.0,5.7
4012,contemplation,2,1,1,3,1,1,1,1,2,1,4,5,4,3,2,3,3,2,4,5,2.0,1.0,1.0,3.0,1.0,1.0,1.0,1.0,2.0,1.0,4.0,5.0,4.0,3.0,2.0,3.0,3.0,2.0,4.0,5.0,1,1,1,1,1,1,1,1,1,1,1,1,5,5,5,2,5,5,5,5,5,5,5,4,5,3,5,5,5,3,31,3,2,30.0,17.3
4016,contemplation,1,1,3,1,1,1,1,1,1,1,1,2,5,3,4,2,4,2,3,2,1.0,1.0,3.0,1.0,1.0,1.0,2.0,1.0,1.0,1.0,1.0,2.0,5.0,4.0,4.0,2.0,4.0,2.0,3.0,1.0,1,1,1,1,1,1,1,1,1,1,1,1,4,4,5,4,1,5,4,5,5,5,5,2,5,4,3,4,4,2,55,3,1,38.0,1.1
4024,preparation,1,3,1,1,1,1,2,1,1,1,5,2,5,5,3,5,5,4,4,4,1.0,3.0,1.0,1.0,1.0,1.0,2.0,1.0,1.0,1.0,5.0,2.0,5.0,4.0,3.0,5.0,5.0,4.0,4.0,4.0,1,1,1,1,1,2,1,1,1,1,1,1,3,3,4,5,5,5,5,5,4,3,5,3,5,4,2,4,3,4,24,3,2,10.0,29.0
4044,precontemplation,1,1,1,1,1,1,1,1,1,1,1,1,1,1,1,1,1,1,3,1,1.0,1.0,1.0,1.0,1.0,1.0,1.0,1.0,1.0,2.0,1.0,2.0,1.0,1.0,1.0,1.0,1.0,1.0,3.0,1.0,1,1,1,1,1,1,1,1,1,1,1,1,4,3,5,3,2,5,5,5,5,2,2,2,4,2,4,5,4,2,45,4,2,10.0,18.1
4074,contemplation,1,1,1,1,1,2,1,1,1,1,5,5,5,5,5,5,4,5,5,5,,,,,,,,,,,,,,,,,,,,,3,2,3,4,2,3,1,2,2,2,2,2,3,4,4,1,3,5,5,5,5,4,3,1,5,5,5,2,2,2,26,2,1,17.0,21.5
4110,preparation,1,1,1,1,1,1,1,1,1,2,1,3,1,2,2,2,2,4,2,2,,,,,,,,,,,,,,,,,,,,,1,1,1,1,1,1,1,2,1,3,1,1,1,1,1,1,1,5,5,5,5,3,4,5,5,5,5,5,2,3,62,4,2,16.0,21.7
4146,precontemplation,2,1,1,1,1,1,1,1,1,2,1,4,1,1,3,3,1,1,1,1,2.0,1.0,1.0,1.0,1.0,1.0,1.0,1.0,1.0,2.0,1.0,4.0,1.0,1.0,3.0,3.0,1.0,1.0,1.0,1.0,1,1,1,1,1,1,1,1,1,1,1,1,1,4,3,1,3,5,5,4,5,1,1,3,5,5,5,5,4,2,25,1,1,8.0,23.5
4151,action,1,1,1,1,1,1,1,2,1,1,1,2,1,2,1,1,1,1,1,1,1.0,1.0,1.0,1.0,1.0,1.0,1.0,2.0,1.0,1.0,1.0,3.0,1.0,3.0,1.0,1.0,1.0,1.0,1.0,1.0,5,5,5,5,5,5,5,5,5,5,5,5,1,1,1,1,1,5,5,5,5,2,4,3,5,5,5,5,2,5,54,3,1,11.0,17.2
4161,preparation,1,2,4,1,2,1,1,1,1,2,1,1,1,1,1,1,1,1,1,1,,,,,,,,,,,,,,,,,,,,,1,1,1,1,1,1,1,1,1,1,1,1,5,4,5,4,5,5,5,5,5,2,4,4,5,5,5,4,2,3,44,3,2,22.0,22.5
4187,preparation,1,1,2,1,1,1,2,1,1,1,2,3,3,2,4,3,5,4,2,2,,,,,,,,,,,,,,,,,,,,,1,1,1,1,1,1,1,1,2,3,1,2,3,2,1,5,3,5,5,5,5,3,5,4,5,5,5,5,4,3,30,2,2,3.0,22.4
4212,action,1,1,1,1,1,1,1,1,1,1,1,1,1,1,1,1,2,1,1,1,1.0,1.0,1.0,1.0,1.0,1.0,1.0,2.0,2.0,1.0,1.0,1.0,1.0,1.0,1.0,1.0,2.0,1.0,2.0,1.0,5,5,5,5,5,4,5,5,5,5,4,4,5,4,5,4,5,5,5,5,5,3,2,5,5,5,5,5,2,3,50,3,2,37.0,9.8
4227,contemplation,1,1,1,1,2,1,1,1,1,1,4,2,4,3,4,4,5,5,1,5,1.0,2.0,1.0,1.0,2.0,2.0,1.0,1.0,1.0,1.0,4.0,1.0,4.0,3.0,4.0,4.0,5.0,5.0,1.0,5.0,1,1,1,1,1,1,1,1,1,1,1,1,1,1,1,3,3,5,5,5,5,4,4,4,5,5,5,5,5,3,27,1,1,12.0,50.0
4254,contemplation,2,2,1,2,2,2,1,1,2,1,3,1,1,1,2,2,1,1,1,1,,,,,,,,,,,,,,,,,,,,,1,1,1,1,1,2,1,1,1,1,1,1,4,5,3,2,3,5,5,5,5,2,3,4,5,5,4,5,3,3,49,1,1,9.0,19.2
4255,preparation,1,1,1,1,1,1,1,2,1,2,1,1,2,1,1,1,1,1,3,1,,,,,,,,,,,,,,,,,,,,,2,2,1,1,3,1,1,2,1,4,3,3,4,2,5,2,4,5,5,5,5,4,5,4,2,5,3,1,2,2,33,2,2,7.0,23.3
4258,precontemplation,1,1,1,1,1,1,1,1,1,1,1,1,1,1,1,1,1,1,1,2,,,,,,,,,,,,,,,,,,,,,1,1,1,1,1,1,1,1,1,1,1,1,1,1,1,1,1,5,5,5,5,2,4,4,5,5,4,5,5,3,38,3,1,27.0,46.8
4269,precontemplation,2,1,1,1,3,1,1,1,1,1,1,2,2,2,1,1,2,1,3,1,2.0,1.0,1.0,1.0,3.0,1.0,1.0,1.0,1.0,1.0,1.0,2.0,2.0,2.0,1.0,1.0,2.0,1.0,3.0,1.0,1,1,1,1,1,1,1,1,1,1,1,1,4,5,5,4,4,5,5,5,5,4,1,4,4,3,5,4,2,1,34,3,1,11.0,15.8
4281,preparation,1,1,2,1,1,1,1,1,1,1,1,2,2,1,1,2,2,3,1,1,1.0,1.0,2.0,1.0,1.0,1.0,1.0,1.0,1.0,1.0,1.0,2.0,2.0,1.0,1.0,1.0,2.0,3.0,1.0,1.0,1,2,1,1,1,2,1,1,1,1,1,1,5,2,4,4,5,5,5,5,5,4,5,3,5,5,5,4,5,3,24,1,1,10.0,20.1
4298,preparation,1,1,1,1,4,2,1,1,2,1,1,2,1,1,3,1,1,2,1,1,2.0,1.0,1.0,1.0,5.0,2.0,2.0,1.0,2.0,1.0,1.0,2.0,1.0,1.0,4.0,1.0,1.0,2.0,1.0,1.0,2,2,3,2,3,5,4,3,4,4,4,3,2,4,5,4,5,5,5,5,5,5,4,4,4,3,5,4,4,4,40,2,2,20.0,1.0
4361,contemplation,1,2,1,1,2,1,1,1,3,3,2,2,1,2,4,1,2,3,1,1,1.0,2.0,1.0,1.0,2.0,1.0,1.0,1.0,3.0,2.0,2.0,3.0,1.0,2.0,4.0,1.0,2.0,3.0,1.0,1.0,1,1,1,1,1,1,1,1,1,1,1,1,3,4,4,3,4,5,5,5,5,4,5,4,5,5,5,5,2,4,31,3,2,15.0,10.9
4374,contemplation,1,1,3,4,3,2,1,1,3,1,1,1,2,1,1,1,1,1,1,1,1.0,1.0,3.0,4.0,3.0,2.0,1.0,1.0,3.0,1.0,1.0,1.0,2.0,1.0,1.0,1.0,1.0,1.0,1.0,1.0,2,1,1,1,1,1,1,1,1,1,1,1,4,2,3,4,2,5,5,5,5,4,5,3,5,5,5,5,4,4,33,3,1,14.0,7.7
4394,contemplation,1,1,1,1,2,1,1,1,1,1,5,2,3,3,4,1,2,2,4,3,,,,,,,,,,,,,,,,,,,,,1,2,2,2,2,2,2,1,2,2,2,3,4,1,1,2,1,5,5,5,5,5,5,5,5,5,5,5,5,2,45,4,2,3.0,16.9
4418,precontemplation,1,1,1,1,1,1,1,2,1,1,1,1,2,3,1,1,1,1,1,1,1.0,1.0,1.0,1.0,1.0,1.0,2.0,2.0,1.0,1.0,1.0,1.0,2.0,3.0,1.0,1.0,1.0,2.0,1.0,1.0,1,1,1,1,1,1,1,1,3,1,1,1,1,2,1,3,5,5,5,5,5,4,4,4,4,2,5,5,5,2,47,4,1,23.0,3.9
4424,action,3,1,1,1,1,2,1,1,1,1,3,3,2,1,1,2,2,1,2,5,,,,,,,,,,,,,,,,,,,,,5,4,5,5,5,4,5,5,5,5,5,4,3,3,1,1,3,5,5,5,5,5,4,5,5,5,5,5,4,5,20,4,2,6.0,46.0
4426,precontemplation,1,1,1,1,1,1,1,1,1,1,1,1,1,1,1,1,1,1,1,1,1.0,1.0,1.0,1.0,1.0,1.0,1.0,1.0,1.0,1.0,1.0,1.0,1.0,1.0,1.0,1.0,1.0,1.0,1.0,1.0,1,1,1,1,1,2,1,1,1,1,1,1,4,4,2,2,5,5,5,5,4,5,5,5,5,5,5,5,3,1,42,2,1,18.0,1.0
4438,maintenance,1,1,1,1,1,1,1,1,1,1,1,2,1,1,1,1,1,1,1,1,1.0,1.0,1.0,1.0,1.0,1.0,1.0,1.0,2.0,1.0,1.0,2.0,1.0,1.0,1.0,1.0,2.0,1.0,1.0,1.0,4,4,5,4,5,2,5,5,5,3,5,5,5,5,2,4,5,5,5,5,5,1,3,5,5,5,5,5,3,4,40,3,1,7.0,1.0
4474,contemplation,1,1,2,1,3,2,1,3,2,2,4,4,1,4,1,2,2,3,3,1,,,,,,,,,,,,,,,,,,,,,1,1,2,2,1,1,1,1,1,1,3,1,4,4,3,2,2,5,5,5,5,5,5,5,5,5,5,5,3,4,48,4,2,5.0,18.3
4491,preparation,1,1,1,1,1,1,2,1,3,1,1,1,1,1,1,1,1,1,1,1,2.0,1.0,1.0,1.0,1.0,1.0,2.0,1.0,3.0,1.0,1.0,1.0,1.0,1.0,1.0,1.0,1.0,1.0,1.0,1.0,1,1,1,1,1,1,2,1,1,3,1,1,5,5,5,5,5,5,5,4,5,5,5,4,5,5,5,5,2,3,51,4,1,2.0,37.3
4506,contemplation,2,1,1,1,2,1,1,2,1,2,3,5,5,5,5,4,3,5,2,5,,,,,,,,,,,,,,,,,,,,,1,1,1,1,1,1,1,1,1,1,1,1,1,1,1,3,1,5,5,5,5,5,4,5,5,5,4,3,3,1,25,1,1,7.0,35.8
4511,contemplation,1,1,2,1,3,1,3,2,3,1,2,3,1,2,4,2,2,5,3,2,,,,,,,,,,,,,,,,,,,,,1,1,1,1,1,2,1,1,1,1,1,1,4,3,5,2,5,5,5,5,5,3,1,4,3,2,2,1,5,3,39,2,1,5.0,25.0
4528,contemplation,1,1,3,2,1,1,1,1,3,1,1,3,4,1,1,2,1,3,1,3,1.0,1.0,3.0,2.0,1.0,1.0,1.0,1.0,3.0,1.0,2.0,3.0,4.0,1.0,1.0,2.0,1.0,3.0,1.0,3.0,1,1,1,1,1,1,1,1,1,1,2,2,1,2,4,2,2,5,5,5,5,4,3,2,3,5,5,4,3,3,42,2,2,28.0,30.0
4587,preparation,1,1,1,1,1,2,1,3,3,2,1,2,2,1,2,5,1,1,2,1,,,,,,,,,,,,,,,,,,,,,4,3,2,3,3,2,1,2,2,2,4,2,4,1,2,2,3,5,5,5,5,3,4,4,5,4,4,3,2,4,18,1,2,9.0,22.7
4637,action,1,1,1,1,1,1,1,1,1,1,2,3,1,2,1,2,1,1,1,1,2.0,1.0,1.0,2.0,1.0,2.0,1.0,2.0,1.0,1.0,3.0,3.0,1.0,2.0,1.0,2.0,1.0,1.0,1.0,1.0,5,5,5,5,5,5,5,5,5,5,5,5,5,5,4,5,5,5,5,5,5,5,5,5,5,2,4,5,3,5,72,2,1,20.0,16.7
4683,precontemplation,2,1,1,4,4,1,5,2,1,1,2,1,1,2,3,1,1,1,3,3,2.0,1.0,1.0,4.0,4.0,1.0,5.0,2.0,1.0,1.0,2.0,1.0,1.0,2.0,3.0,1.0,1.0,1.0,3.0,3.0,1,1,1,1,3,2,1,1,1,1,2,1,2,3,1,5,1,5,5,5,5,5,5,5,5,5,5,5,5,1,31,4,1,18.0,14.9
4723,action,1,1,1,1,1,1,1,1,1,1,2,4,1,3,2,4,1,2,1,2,1.0,1.0,1.0,1.0,1.0,2.0,1.0,1.0,1.0,1.0,2.0,4.0,1.0,3.0,2.0,4.0,1.0,3.0,1.0,2.0,5,4,5,5,4,5,4,3,5,5,4,4,2,2,1,1,2,5,5,5,5,5,3,1,5,3,5,5,3,5,33,2,2,10.0,14.0
4774,precontemplation,1,1,1,1,1,1,1,1,1,1,1,1,1,1,1,1,1,1,1,1,1.0,1.0,1.0,1.0,1.0,1.0,1.0,1.0,2.0,2.0,1.0,1.0,1.0,1.0,1.0,1.0,1.0,1.0,1.0,1.0,1,1,1,1,1,1,1,1,1,1,1,1,2,3,1,4,2,5,5,5,5,3,5,5,2,5,5,4,2,1,23,1,2,5.0,22.5
4776,precontemplation,1,1,1,1,1,1,1,1,1,1,4,1,1,2,3,3,2,2,2,1,,,,,,,,,,,,,,,,,,,,,1,1,1,1,1,1,1,1,1,1,1,1,3,3,2,4,5,5,4,5,3,4,1,3,5,5,5,5,4,2,39,2,2,10.0,1.0
4778,contemplation,1,1,1,1,2,1,1,4,1,1,1,2,2,3,2,2,2,1,1,1,,,,,,,,,,,,,,,,,,,,,1,1,1,1,1,1,1,1,1,1,1,1,5,4,2,3,2,5,5,5,5,4,2,5,5,5,5,5,5,3,38,2,1,23.0,4.0
4794,action,1,1,1,1,1,1,1,1,2,1,3,1,1,1,2,2,2,3,1,3,,,,,,,,,,,,,,,,,,,,,5,5,5,5,5,5,5,5,4,4,5,4,2,1,5,3,2,5,5,3,5,5,5,5,4,5,4,3,2,4,43,4,2,2.0,21.4
4798,precontemplation,1,4,1,1,1,1,1,1,1,1,3,1,1,2,1,3,3,1,2,1,,,,,,,,,,,,,,,,,,,,,1,1,1,1,1,1,2,1,1,4,1,1,2,1,1,1,1,5,5,5,5,1,2,2,5,5,5,5,4,2,39,3,1,11.0,37.2
4813,action,2,1,1,1,1,1,1,1,2,1,2,2,1,3,2,4,4,2,3,2,,,,,,,,,,,,,,,,,,,,,5,5,5,5,4,5,3,4,5,3,4,5,3,3,4,2,2,5,5,5,5,2,4,2,5,5,5,5,4,4,42,1,2,7.0,10.7
4833,contemplation,1,1,1,2,1,1,1,3,2,1,4,2,4,3,3,3,2,3,1,4,1.0,1.0,1.0,2.0,1.0,1.0,1.0,3.0,2.0,1.0,4.0,2.0,4.0,3.0,3.0,3.0,2.0,3.0,1.0,4.0,1,1,1,1,1,2,1,1,1,1,1,1,5,4,3,5,4,5,5,5,5,2,4,3,3,4,4,4,5,2,44,4,1,15.0,5.8
4849,contemplation,1,2,2,1,3,2,4,2,1,2,3,4,4,5,2,2,2,5,2,5,,,,,,,,,,,,,,,,,,,,,1,1,1,1,1,1,1,1,1,1,1,1,4,5,4,5,4,5,5,5,5,4,5,4,5,5,5,5,3,2,20,3,2,12.0,26.8
4857,action,1,1,1,1,1,2,1,1,1,1,3,1,1,3,4,3,3,3,3,4,1.0,1.0,2.0,2.0,1.0,1.0,1.0,1.0,1.0,1.0,3.0,1.0,1.0,3.0,4.0,3.0,3.0,3.0,3.0,4.0,5,5,5,5,5,5,5,5,5,4,5,5,4,1,4,5,5,5,4,5,5,5,4,5,5,5,5,5,4,4,32,2,1,28.0,23.7
4873,precontemplation,1,1,4,1,2,3,2,3,5,3,3,4,2,1,2,2,1,2,2,4,1.0,1.0,4.0,1.0,2.0,3.0,2.0,3.0,5.0,3.0,3.0,4.0,2.0,1.0,2.0,2.0,1.0,2.0,2.0,4.0,1,1,1,1,1,1,1,1,1,1,1,1,2,5,4,3,5,5,5,5,5,4,5,4,4,5,5,5,4,1,42,2,1,10.0,22.3
4910,preparation,1,1,2,3,2,2,3,4,4,4,4,1,3,3,4,3,4,2,4,1,1.0,1.0,2.0,3.0,2.0,2.0,3.0,4.0,4.0,4.0,4.0,1.0,3.0,3.0,4.0,3.0,4.0,2.0,4.0,1.0,5,3,1,2,5,4,2,4,3,4,1,5,3,4,5,3,3,5,5,5,5,5,5,4,5,4,5,5,4,3,52,1,2,15.0,3.6
4969,precontemplation,1,1,1,1,1,1,1,1,1,1,1,1,1,1,1,1,1,1,1,1,1.0,1.0,1.0,1.0,1.0,1.0,1.0,1.0,1.0,1.0,1.0,1.0,1.0,1.0,1.0,1.0,1.0,1.0,1.0,1.0,1,1,1,1,1,1,2,1,1,1,2,1,1,2,3,2,3,5,5,5,5,4,5,5,5,5,4,5,5,2,34,2,1,22.0,36.9
4975,contemplation,1,2,3,1,1,3,2,1,1,1,1,2,3,1,2,3,1,1,1,1,1.0,2.0,3.0,1.0,1.0,3.0,2.0,1.0,1.0,1.0,2.0,2.0,3.0,1.0,2.0,3.0,1.0,1.0,1.0,1.0,1,1,1,1,1,1,1,1,1,1,2,2,2,5,4,5,4,5,5,4,5,5,5,4,3,2,3,5,3,3,59,1,1,15.0,19.8
4988,contemplation,1,1,1,1,1,1,1,1,1,1,4,3,5,5,2,3,2,4,2,5,1.0,2.0,1.0,1.0,1.0,1.0,2.0,1.0,1.0,1.0,4.0,3.0,5.0,5.0,2.0,2.0,2.0,4.0,2.0,5.0,1,1,1,1,2,2,1,2,1,1,3,1,5,3,5,5,5,5,5,5,5,5,4,4,5,5,4,1,4,1,51,2,1,32.0,18.6
5031,action,1,1,1,1,1,1,1,2,1,1,2,3,2,2,4,2,3,3,1,3,1.0,1.0,1.0,1.0,2.0,1.0,1.0,2.0,1.0,1.0,2.0,3.0,2.0,3.0,4.0,2.0,3.0,3.0,1.0,3.0,4,5,4,5,5,5,3,5,5,5,5,4,3,5,4,4,4,5,5,5,5,4,3,4,4,5,2,1,3,4,36,4,1,2.0,2.5
5035,preparation,1,1,1,1,1,1,1,1,1,1,1,1,5,4,2,1,3,1,1,2,,,,,,,,,,,,,,,,,,,,,1,1,1,1,1,1,1,1,1,2,1,2,1,3,1,4,2,5,5,5,5,5,5,5,4,5,3,5,4,3,19,2,2,8.0,22.7
5057,contemplation,5,4,1,5,3,4,3,5,4,3,1,1,1,1,1,1,1,1,1,1,5.0,4.0,1.0,5.0,3.0,4.0,3.0,5.0,4.0,3.0,1.0,2.0,1.0,1.0,1.0,1.0,1.0,1.0,2.0,1.0,2,1,1,1,1,4,1,1,1,1,1,1,4,5,3,3,4,5,5,5,5,5,5,5,5,5,5,5,4,3,36,2,2,18.0,20.5
5066,action,1,1,1,1,1,1,1,1,1,1,1,1,1,1,1,1,1,1,1,1,,,,,,,,,,,,,,,,,,,,,4,5,2,3,4,4,4,3,4,5,3,5,5,5,5,2,5,5,5,5,5,2,2,1,5,5,5,5,5,4,46,3,2,35.0,7.3
5069,preparation,2,1,1,1,1,1,1,2,2,1,1,2,1,1,4,1,1,2,1,4,2.0,1.0,1.0,1.0,1.0,1.0,1.0,2.0,2.0,2.0,1.0,2.0,1.0,1.0,3.0,1.0,1.0,2.0,1.0,4.0,1,1,1,1,1,1,1,1,1,1,1,1,2,4,5,3,5,5,5,5,5,5,4,5,2,5,5,5,4,3,69,4,1,7.0,28.0
5075,contemplation,1,1,1,2,2,1,1,1,2,1,2,1,1,1,1,2,2,1,2,1,1.0,1.0,1.0,2.0,2.0,1.0,1.0,1.0,2.0,1.0,2.0,1.0,1.0,1.0,1.0,2.0,1.0,1.0,2.0,1.0,1,1,1,2,2,2,2,1,1,2,3,1,2,1,3,2,2,5,4,5,5,3,1,2,3,4,3,3,5,3,19,3,1,26.0,4.2
5097,contemplation,1,1,1,1,2,1,2,2,3,1,3,3,3,1,1,4,1,1,3,2,1.0,1.0,1.0,1.0,2.0,1.0,2.0,2.0,3.0,1.0,3.0,3.0,4.0,1.0,1.0,4.0,1.0,2.0,3.0,2.0,1,1,1,3,1,1,1,1,1,1,1,1,5,5,4,3,4,5,5,5,5,5,5,5,5,5,5,5,5,3,30,3,2,7.0,11.8
5101,precontemplation,3,1,2,1,1,1,3,1,1,1,1,1,1,1,1,1,1,1,1,1,3.0,1.0,2.0,1.0,1.0,1.0,3.0,1.0,1.0,1.0,1.0,1.0,1.0,1.0,1.0,1.0,1.0,1.0,1.0,1.0,1,1,1,1,1,1,1,1,1,1,1,1,4,4,5,5,5,5,5,4,3,1,3,2,2,4,5,5,5,2,51,3,3,19.0,2.0
5113,contemplation,3,1,1,1,1,1,1,1,1,1,3,1,1,4,1,1,1,1,2,1,3.0,1.0,1.0,1.0,1.0,1.0,1.0,2.0,1.0,1.0,3.0,1.0,1.0,4.0,1.0,2.0,1.0,1.0,3.0,1.0,1,1,1,1,1,1,1,1,1,1,1,2,5,2,1,2,2,5,5,5,5,5,5,5,4,5,5,5,3,2,42,3,2,25.0,27.6
5142,contemplation,4,3,4,4,1,4,4,3,1,5,3,1,3,2,2,3,3,2,2,2,4.0,3.0,4.0,4.0,1.0,4.0,4.0,3.0,1.0,5.0,3.0,1.0,4.0,2.0,2.0,3.0,3.0,2.0,2.0,2.0,1,1,1,1,1,1,1,1,1,1,1,1,2,3,5,3,5,5,5,5,5,5,5,4,5,5,5,5,3,2,19,3,2,5.0,9.4
5146,maintenance,1,1,1,1,1,2,1,1,1,1,1,1,1,2,1,1,1,3,2,1,1.0,1.0,1.0,1.0,1.0,2.0,1.0,1.0,1.0,1.0,1.0,1.0,1.0,2.0,1.0,1.0,1.0,3.0,2.0,1.0,5,5,5,5,5,4,5,5,5,5,5,5,4,3,4,3,1,5,5,5,5,1,3,5,5,5,3,4,2,5,51,3,1,45.0,11.3
5160,contemplation,1,1,1,1,1,2,1,1,1,1,1,2,1,1,1,1,1,1,1,1,1.0,1.0,1.0,1.0,1.0,2.0,1.0,1.0,1.0,1.0,1.0,2.0,1.0,1.0,1.0,1.0,1.0,1.0,1.0,1.0,1,1,1,1,1,1,1,1,2,4,2,2,4,3,1,3,3,5,5,5,5,5,5,5,5,3,4,4,3,3,40,4,1,3.0,26.5
5161,precontemplation,1,3,1,1,1,1,1,1,1,4,2,2,1,1,1,1,1,1,1,1,1.0,3.0,2.0,1.0,1.0,1.0,1.0,1.0,1.0,4.0,2.0,2.0,1.0,1.0,2.0,1.0,1.0,1.0,1.0,1.0,1,1,1,1,1,1,1,1,1,1,1,1,3,5,5,3,4,5,5,5,5,5,5,4,5,4,3,3,4,2,26,3,2,25.0,25.0
5199,contemplation,4,1,2,1,1,1,2,1,1,2,2,1,1,1,1,2,2,1,3,1,,,,,,,,,,,,,,,,,,,,,2,3,2,2,4,5,4,4,3,1,4,2,1,1,3,1,2,4,5,4,5,4,5,5,5,5,5,5,2,3,32,2,1,2.0,29.2
5202,preparation,3,1,3,3,1,3,1,2,2,1,2,1,1,1,1,1,1,1,3,1,,,,,,,,,,,,,,,,,,,,,1,1,1,1,1,3,1,1,1,2,1,1,1,2,3,4,2,5,5,5,5,4,5,5,3,5,4,5,3,4,56,4,2,14.0,22.2
5252,contemplation,3,1,1,1,4,3,4,4,2,1,2,1,1,2,2,1,1,1,1,1,4.0,1.0,1.0,1.0,4.0,3.0,3.0,4.0,2.0,1.0,2.0,1.0,1.0,3.0,2.0,1.0,1.0,1.0,1.0,1.0,4,1,2,2,4,2,2,3,2,2,3,5,5,5,5,5,5,5,5,5,5,4,3,5,4,4,5,4,3,2,29,1,2,9.0,19.0
5256,precontemplation,2,3,2,1,3,1,3,1,1,1,1,1,1,1,1,1,1,1,1,1,2.0,3.0,2.0,1.0,3.0,1.0,3.0,1.0,1.0,1.0,1.0,1.0,1.0,1.0,1.0,1.0,1.0,1.0,1.0,1.0,1,1,1,1,1,1,1,1,1,2,1,2,2,2,1,3,1,5,5,5,5,5,5,3,5,5,3,5,4,1,48,1,1,4.0,35.3
5259,contemplation,1,1,1,1,1,1,1,1,1,1,1,1,1,1,1,1,1,2,1,1,1.0,1.0,1.0,2.0,1.0,1.0,1.0,1.0,1.0,1.0,1.0,2.0,1.0,1.0,2.0,1.0,1.0,2.0,1.0,1.0,4,4,4,4,4,1,1,1,2,4,1,1,2,5,5,2,3,4,5,5,5,3,5,4,4,4,3,4,3,1,56,4,1,3.0,8.2
5282,preparation,1,3,2,4,1,2,1,4,3,1,2,2,4,1,1,3,1,2,1,1,1.0,3.0,2.0,4.0,1.0,2.0,1.0,4.0,3.0,1.0,2.0,3.0,4.0,1.0,1.0,3.0,1.0,2.0,1.0,1.0,1,1,1,1,1,1,1,1,1,1,1,1,3,4,1,1,4,5,5,5,5,2,3,1,5,5,5,3,2,4,38,1,3,10.0,28.0
5295,precontemplation,1,2,1,1,1,1,1,1,1,1,1,1,2,1,1,1,1,4,1,1,,,,,,,,,,,,,,,,,,,,,1,1,1,1,1,2,3,1,1,1,1,1,5,5,3,5,5,5,5,5,5,5,4,5,1,4,5,5,2,1,31,4,1,20.0,26.9
5313,preparation,2,3,1,1,2,1,3,1,2,2,2,1,1,1,1,1,1,1,1,1,1.0,3.0,1.0,1.0,1.0,1.0,3.0,1.0,1.0,2.0,2.0,2.0,1.0,1.0,1.0,1.0,1.0,1.0,1.0,1.0,1,1,1,1,1,1,1,1,1,1,1,1,2,3,1,2,4,5,5,5,5,4,2,5,5,5,5,5,2,5,40,2,1,14.0,1.0
5320,contemplation,4,1,2,3,2,2,3,2,3,4,1,2,4,1,1,3,4,2,1,1,4.0,1.0,2.0,3.0,2.0,2.0,3.0,2.0,3.0,4.0,1.0,2.0,5.0,1.0,1.0,3.0,5.0,2.0,1.0,1.0,1,1,1,1,1,1,1,1,1,1,1,1,4,3,5,4,2,4,5,4,5,5,5,5,5,5,5,5,4,2,30,2,1,8.0,37.4
5322,contemplation,1,2,1,4,1,1,2,2,2,1,1,1,1,1,2,1,1,1,1,1,1.0,2.0,1.0,4.0,1.0,1.0,2.0,2.0,2.0,1.0,1.0,1.0,1.0,1.0,2.0,1.0,1.0,2.0,1.0,1.0,1,1,1,1,1,1,1,1,1,1,1,2,5,3,5,5,5,5,4,5,5,4,3,3,5,5,5,5,2,2,33,3,2,9.0,1.0
5340,precontemplation,1,1,1,1,1,1,1,1,1,1,1,1,1,1,1,1,2,1,2,1,1.0,1.0,1.0,1.0,1.0,1.0,1.0,1.0,1.0,1.0,1.0,1.0,1.0,1.0,1.0,1.0,2.0,1.0,2.0,1.0,1,1,1,1,1,1,1,1,1,1,1,1,5,5,5,5,5,5,4,5,5,5,5,5,5,5,5,5,3,2,30,3,2,10.0,15.1
5344,contemplation,1,1,2,2,1,1,3,1,1,1,2,3,1,1,3,1,4,1,1,1,1.0,1.0,2.0,2.0,1.0,1.0,3.0,1.0,1.0,1.0,2.0,3.0,1.0,1.0,3.0,1.0,4.0,1.0,1.0,1.0,1,1,1,1,1,1,1,1,1,1,1,1,5,4,3,5,3,4,5,5,5,5,5,5,5,5,5,5,2,2,55,4,1,28.0,34.5
5362,action,1,1,1,1,1,1,1,1,1,1,5,5,3,5,5,4,3,5,4,4,,,,,,,,,,,,,,,,,,,,,5,5,5,5,5,5,5,5,5,5,5,5,5,3,3,3,4,5,5,5,5,5,5,5,5,5,4,5,3,5,48,2,2,23.0,1.0
5371,precontemplation,1,1,1,1,1,1,1,1,1,1,1,1,1,1,1,1,1,1,1,1,1.0,1.0,1.0,1.0,1.0,1.0,1.0,1.0,1.0,1.0,1.0,1.0,1.0,1.0,1.0,1.0,1.0,1.0,1.0,1.0,1,1,1,1,1,1,2,1,1,1,1,1,2,3,1,3,4,5,5,5,5,4,5,1,5,5,5,5,3,2,19,2,1,33.0,6.4
5373,precontemplation,1,1,1,2,1,1,1,1,1,1,1,1,1,1,1,1,1,1,1,1,1.0,1.0,1.0,1.0,1.0,1.0,1.0,1.0,2.0,1.0,1.0,1.0,1.0,1.0,1.0,1.0,1.0,1.0,1.0,1.0,1,1,1,1,1,1,1,1,1,1,1,1,5,4,5,5,5,5,5,4,5,4,5,5,5,5,5,5,3,1,44,3,2,14.0,20.9
5384,contemplation,4,1,1,1,1,2,1,2,3,1,1,2,2,1,1,1,2,1,2,1,,,,,,,,,,,,,,,,,,,,,1,1,1,1,1,2,1,1,1,1,1,1,2,4,4,3,3,5,5,5,2,5,5,5,5,5,5,4,4,3,35,2,1,8.0,22.5
5461,precontemplation,1,1,1,1,1,1,1,1,1,1,2,2,2,2,3,3,2,3,2,4,1.0,1.0,1.0,1.0,1.0,1.0,1.0,1.0,1.0,1.0,2.0,2.0,2.0,2.0,3.0,3.0,2.0,3.0,2.0,4.0,1,1,1,1,1,1,1,1,1,1,1,2,2,2,4,3,2,5,5,4,5,4,2,5,4,5,5,3,5,2,34,2,2,6.0,26.2
5473,preparation,2,2,1,2,2,2,1,2,2,3,2,4,4,2,1,2,4,2,4,4,,,,,,,,,,,,,,,,,,,,,1,1,1,1,1,1,1,1,1,1,1,1,3,3,1,5,1,5,5,5,5,5,4,5,5,5,5,5,5,4,43,2,1,25.0,16.9
5561,action,2,2,1,1,3,1,1,1,2,1,1,2,1,1,1,1,1,1,1,1,2.0,2.0,1.0,1.0,4.0,1.0,1.0,1.0,2.0,1.0,1.0,2.0,1.0,1.0,1.0,1.0,1.0,1.0,1.0,1.0,5,5,4,5,5,2,5,5,5,5,5,4,1,1,1,2,3,5,5,5,5,1,3,5,5,5,5,5,4,4,44,2,2,26.0,23.4
5591,action,1,1,1,1,1,1,1,1,1,1,1,1,1,1,4,2,2,1,1,3,1.0,1.0,1.0,1.0,1.0,1.0,1.0,1.0,1.0,1.0,1.0,1.0,1.0,1.0,4.0,2.0,2.0,1.0,1.0,3.0,4,4,5,4,4,4,5,5,5,5,5,5,2,2,2,2,2,5,5,5,5,2,1,2,3,5,2,5,2,3,27,2,2,3.0,18.2
5602,preparation,1,2,3,2,3,2,1,1,1,1,4,3,2,3,2,5,4,3,3,1,1.0,2.0,2.0,2.0,3.0,2.0,1.0,1.0,1.0,1.0,4.0,3.0,2.0,3.0,2.0,5.0,4.0,3.0,3.0,1.0,1,1,1,1,3,1,1,1,2,1,1,1,2,4,2,4,4,5,5,5,5,2,5,4,5,5,5,5,4,5,34,2,1,29.0,19.9
5607,precontemplation,1,1,1,1,1,2,1,1,1,1,1,1,1,1,1,1,1,1,1,1,1.0,1.0,1.0,1.0,1.0,2.0,1.0,1.0,1.0,1.0,1.0,1.0,1.0,1.0,1.0,1.0,1.0,1.0,1.0,1.0,1,1,1,1,1,1,1,1,1,1,1,1,2,1,2,3,2,5,5,5,5,5,5,5,5,5,3,5,4,2,39,3,2,12.0,14.8
5619,contemplation,5,3,4,3,2,3,5,1,5,1,1,1,3,2,1,2,4,1,2,3,,,,,,,,,,,,,,,,,,,,,3,4,3,1,2,2,1,1,1,1,2,1,2,1,1,1,1,5,5,5,5,4,5,5,5,4,4,5,4,2,34,2,1,3.0,22.1
5625,contemplation,1,2,1,1,3,1,1,1,1,1,1,3,1,1,1,1,1,1,1,2,1.0,2.0,1.0,1.0,3.0,1.0,1.0,1.0,1.0,1.0,1.0,3.0,1.0,1.0,2.0,1.0,1.0,1.0,1.0,1.0,1,1,1,1,1,1,1,1,1,2,1,1,5,4,5,5,5,5,5,5,5,5,5,5,4,5,5,5,3,2,57,3,2,4.0,32.0
5637,preparation,2,2,1,1,1,1,2,1,1,1,2,5,4,3,4,3,3,3,5,1,1.0,2.0,1.0,1.0,1.0,1.0,2.0,1.0,1.0,1.0,2.0,5.0,4.0,3.0,3.0,3.0,4.0,3.0,5.0,1.0,1,1,1,2,1,2,1,1,1,2,2,1,2,2,2,1,1,5,5,5,5,5,5,5,5,5,5,5,5,4,24,2,1,8.0,15.0
5683,precontemplation,1,1,1,2,1,1,2,2,3,3,1,1,1,1,1,1,1,1,1,1,,,,,,,,,,,,,,,,,,,,,1,1,1,1,1,1,1,1,1,1,1,1,1,2,2,1,2,5,5,5,5,2,4,3,4,5,5,4,2,1,51,3,1,25.0,31.7
5691,precontemplation,1,1,3,2,2,2,1,1,1,1,1,1,1,1,1,1,1,1,1,1,1.0,1.0,3.0,2.0,2.0,2.0,1.0,1.0,1.0,1.0,1.0,1.0,1.0,1.0,1.0,1.0,1.0,1.0,1.0,1.0,1,1,1,1,1,1,1,1,1,1,2,1,2,2,5,2,3,5,5,5,5,2,5,5,5,5,5,5,2,1,49,2,2,20.0,1.0
5729,contemplation,3,1,3,1,1,2,1,1,1,1,1,5,1,2,3,2,3,5,1,1,,,,,,,,,,,,,,,,,,,,,1,1,1,1,1,1,1,1,1,1,1,1,5,2,4,2,4,5,5,5,5,3,4,4,5,5,5,5,5,4,29,3,1,13.0,11.3
5784,preparation,1,1,2,1,1,1,1,1,2,1,2,1,2,3,4,1,2,4,3,2,1.0,2.0,2.0,1.0,1.0,1.0,1.0,1.0,2.0,1.0,2.0,1.0,2.0,3.0,4.0,1.0,2.0,4.0,2.0,2.0,1,1,1,1,1,1,1,2,1,1,3,1,5,4,5,4,5,5,5,5,5,3,4,3,4,2,3,1,4,2,18,2,3,24.0,33.0
5797,preparation,1,1,3,1,1,1,2,1,1,2,1,2,3,3,1,1,4,5,4,2,1.0,1.0,3.0,1.0,1.0,1.0,2.0,1.0,1.0,2.0,1.0,2.0,3.0,3.0,1.0,1.0,4.0,4.0,4.0,1.0,1,1,1,1,1,1,1,1,1,1,1,2,1,4,4,3,4,5,3,5,5,4,5,4,5,5,5,5,4,4,48,3,2,6.0,28.6
5806,precontemplation,1,1,1,1,1,1,1,1,1,1,1,1,2,1,1,1,1,1,1,1,1.0,2.0,1.0,1.0,1.0,1.0,1.0,1.0,1.0,1.0,1.0,1.0,2.0,2.0,1.0,1.0,1.0,1.0,1.0,1.0,1,1,1,1,1,1,1,1,1,1,1,1,1,2,1,1,1,5,3,5,4,2,1,5,5,5,5,5,2,1,28,4,2,29.0,20.9
5807,contemplation,3,1,3,4,3,1,1,4,2,2,2,2,1,3,1,2,1,2,1,2,3.0,1.0,3.0,4.0,3.0,1.0,2.0,4.0,2.0,3.0,2.0,2.0,1.0,3.0,1.0,2.0,1.0,2.0,1.0,2.0,1,1,1,1,1,1,1,1,1,1,1,1,4,5,5,3,4,5,5,5,5,1,3,1,5,5,5,5,2,2,40,2,2,12.0,21.1
5830,precontemplation,1,1,1,1,1,2,1,1,2,1,1,1,2,3,1,1,2,1,1,2,1.0,1.0,1.0,2.0,1.0,2.0,1.0,1.0,2.0,1.0,1.0,1.0,2.0,3.0,1.0,1.0,2.0,1.0,1.0,2.0,1,1,1,1,1,1,1,1,1,1,1,1,2,2,2,3,2,5,5,5,4,5,5,5,4,5,5,5,3,1,46,1,2,9.0,39.8
5832,precontemplation,1,1,3,1,1,3,1,1,1,2,1,1,1,1,2,1,1,1,1,1,1.0,1.0,3.0,1.0,1.0,3.0,1.0,1.0,1.0,3.0,1.0,1.0,1.0,1.0,2.0,1.0,1.0,1.0,1.0,1.0,1,1,1,1,1,1,1,1,1,1,2,1,4,5,5,4,5,5,5,5,5,3,5,3,5,5,5,5,3,1,58,3,1,4.0,29.2
5905,preparation,1,1,1,2,1,1,1,2,1,1,1,1,2,3,3,2,1,1,1,3,1.0,1.0,1.0,2.0,1.0,1.0,1.0,2.0,1.0,1.0,1.0,1.0,2.0,3.0,4.0,2.0,1.0,1.0,1.0,3.0,4,3,3,3,3,3,1,1,2,3,3,2,4,3,5,5,5,5,5,5,5,4,2,4,2,5,5,5,2,4,21,2,1,11.0,8.5
5912,contemplation,1,1,1,1,1,2,1,1,1,1,1,2,1,3,5,1,3,2,4,3,1.0,2.0,1.0,1.0,1.0,2.0,1.0,1.0,2.0,1.0,1.0,2.0,1.0,3.0,5.0,1.0,3.0,2.0,3.0,3.0,1,1,1,1,1,1,1,1,1,1,2,2,1,2,1,3,3,5,5,5,5,5,5,5,5,4,5,4,2,2,34,2,1,2.0,25.3
5945,contemplation,2,1,4,2,1,1,2,1,4,1,1,3,1,2,1,3,1,1,1,1,2.0,1.0,4.0,2.0,1.0,1.0,2.0,1.0,4.0,1.0,1.0,3.0,1.0,2.0,1.0,3.0,1.0,1.0,1.0,1.0,1,1,1,1,1,4,1,2,3,3,2,1,1,2,4,5,4,5,5,5,5,5,4,5,5,5,5,5,4,2,40,2,1,9.0,25.7
5948,preparation,1,1,2,2,1,1,1,1,1,1,3,4,3,2,1,5,2,3,5,3,1.0,1.0,2.0,2.0,1.0,1.0,1.0,1.0,1.0,1.0,3.0,4.0,3.0,2.0,1.0,5.0,3.0,3.0,5.0,3.0,1,1,1,1,1,1,1,1,2,1,3,2,4,5,5,4,4,5,4,5,5,5,1,3,5,5,5,5,5,3,51,1,2,3.0,20.5
5973,contemplation,3,2,1,2,1,1,4,2,2,1,1,4,2,4,2,4,1,3,1,3,,,,,,,,,,,,,,,,,,,,,1,1,1,1,1,1,1,1,1,1,1,1,1,5,5,4,4,4,5,4,5,4,5,4,5,1,4,5,2,2,61,2,1,3.0,28.1
5987,preparation,2,1,1,1,1,1,1,1,3,1,1,2,4,3,5,1,2,1,3,1,2.0,1.0,1.0,1.0,1.0,1.0,1.0,1.0,3.0,1.0,1.0,2.0,4.0,3.0,5.0,1.0,2.0,1.0,3.0,1.0,1,2,1,2,1,1,2,3,3,2,3,4,4,4,3,5,5,5,5,5,5,5,5,4,5,5,5,5,3,5,45,4,2,6.0,24.0
5992,contemplation,1,2,1,1,2,1,3,1,1,3,5,2,3,2,3,2,5,3,1,1,,,,,,,,,,,,,,,,,,,,,2,1,2,1,1,3,1,1,1,1,1,2,4,4,5,3,4,5,5,5,5,5,5,5,4,3,3,3,2,3,28,2,1,9.0,17.1
6005,contemplation,2,2,1,3,1,2,2,1,1,1,5,4,5,5,4,3,5,3,5,3,2.0,2.0,1.0,3.0,1.0,2.0,2.0,1.0,1.0,1.0,5.0,4.0,5.0,5.0,4.0,3.0,5.0,3.0,5.0,3.0,1,1,1,1,1,2,1,1,1,1,1,1,3,3,2,4,5,5,5,5,5,5,4,5,2,4,4,3,5,2,54,3,2,21.0,40.7
6050,contemplation,2,1,3,3,1,1,1,2,1,1,1,1,1,1,1,1,1,1,1,1,2.0,1.0,3.0,3.0,1.0,1.0,1.0,2.0,2.0,2.0,1.0,1.0,1.0,1.0,1.0,2.0,1.0,1.0,1.0,1.0,1,1,1,1,1,1,1,1,1,1,1,2,4,5,4,3,3,3,5,5,5,4,4,3,5,5,4,5,3,3,50,4,2,33.0,1.0
6056,contemplation,3,2,5,3,1,1,3,2,3,4,2,1,5,3,4,5,5,4,3,3,3.0,2.0,5.0,3.0,1.0,1.0,3.0,2.0,3.0,4.0,2.0,1.0,5.0,3.0,5.0,5.0,5.0,4.0,3.0,3.0,1,1,2,1,1,1,1,1,1,1,1,1,4,5,4,5,2,5,5,5,5,4,5,5,5,5,5,5,3,3,62,3,1,15.0,6.7
6087,action,1,1,1,1,1,1,1,1,1,1,1,1,1,1,1,2,2,2,1,2,,,,,,,,,,,,,,,,,,,,,5,5,5,5,5,5,3,5,5,5,4,3,5,5,4,5,2,4,5,5,5,5,5,5,5,5,2,3,3,4,42,3,2,14.0,34.5
6095,preparation,1,1,1,4,3,3,2,2,1,1,1,1,1,1,1,1,1,1,1,1,1.0,1.0,1.0,4.0,3.0,3.0,2.0,2.0,1.0,1.0,1.0,1.0,1.0,1.0,1.0,1.0,1.0,1.0,1.0,1.0,1,1,1,1,1,2,1,1,1,1,1,1,5,4,4,3,4,4,4,3,4,5,5,5,5,4,5,5,4,3,46,3,2,8.0,12.3
6118,precontemplation,5,2,1,2,1,2,4,2,3,4,1,1,1,1,1,1,1,1,1,1,5.0,2.0,1.0,2.0,2.0,2.0,4.0,2.0,3.0,4.0,1.0,1.0,1.0,1.0,1.0,1.0,1.0,1.0,2.0,1.0,1,1,1,1,1,1,1,1,1,1,1,1,1,1,2,1,1,4,5,4,4,3,4,3,5,5,5,3,5,1,28,3,1,5.0,28.0
6154,preparation,1,1,1,5,1,1,1,1,3,1,1,1,1,5,3,1,2,2,1,2,1.0,1.0,1.0,4.0,1.0,1.0,1.0,1.0,3.0,2.0,1.0,1.0,1.0,5.0,3.0,1.0,2.0,2.0,1.0,2.0,1,1,1,1,1,1,1,2,1,1,1,1,2,1,3,1,1,5,3,5,5,4,3,1,5,5,5,5,3,4,36,2,2,15.0,19.8
6191,maintenance,1,1,1,1,1,1,1,1,1,1,3,1,2,5,2,3,1,4,3,1,1.0,1.0,1.0,1.0,1.0,1.0,1.0,1.0,1.0,1.0,3.0,1.0,2.0,4.0,2.0,3.0,1.0,4.0,3.0,1.0,4,5,5,3,4,4,5,5,5,5,5,5,2,2,3,5,2,5,5,5,5,5,5,5,5,3,5,4,3,4,37,2,2,15.0,19.6
6209,action,1,1,1,1,1,1,3,1,2,1,3,3,2,1,2,2,2,4,4,4,1.0,1.0,1.0,1.0,1.0,1.0,3.0,1.0,2.0,1.0,3.0,3.0,2.0,1.0,2.0,2.0,2.0,4.0,4.0,4.0,5,5,5,5,5,5,5,5,5,5,5,5,1,1,1,1,1,5,5,5,5,5,5,5,2,3,4,4,5,4,36,4,1,7.0,1.0
6220,precontemplation,1,1,1,1,2,2,1,1,2,1,1,1,1,2,1,1,2,1,1,1,,,,,,,,,,,,,,,,,,,,,1,1,1,1,1,1,1,1,1,1,1,1,2,1,1,1,1,5,4,3,5,5,5,3,5,5,5,5,5,2,28,3,1,18.0,31.2
6227,maintenance,1,1,1,1,2,1,1,1,1,1,1,3,1,1,1,1,2,1,1,1,1.0,1.0,1.0,1.0,2.0,1.0,1.0,1.0,1.0,1.0,1.0,3.0,1.0,1.0,2.0,1.0,2.0,1.0,1.0,1.0,5,5,5,5,5,5,5,5,5,5,5,5,2,2,3,3,2,4,5,5,5,3,3,4,5,4,5,4,4,4,27,3,2,6.0,14.4
6240,precontemplation,3,1,4,2,3,2,4,4,1,1,1,2,1,1,1,1,1,2,1,1,3.0,1.0,4.0,3.0,3.0,2.0,4.0,4.0,2.0,1.0,1.0,2.0,1.0,1.0,1.0,1.0,1.0,2.0,1.0,1.0,1,1,2,1,2,1,1,1,2,2,2,3,5,2,5,4,5,5,5,5,5,4,4,4,4,4,3,4,2,1,46,4,2,15.0,32.5
6241,contemplation,1,1,1,1,1,1,1,2,1,3,3,3,3,3,2,5,3,2,1,4,1.0,1.0,1.0,1.0,1.0,1.0,1.0,2.0,1.0,3.0,3.0,3.0,3.0,3.0,2.0,5.0,3.0,2.0,1.0,3.0,1,1,1,3,1,1,1,1,1,3,4,1,5,5,5,5,1,5,5,5,5,3,3,2,4,5,5,5,2,3,34,2,2,13.0,47.0
6249,contemplation,5,1,1,1,1,1,1,1,3,1,1,1,2,1,2,2,1,2,1,2,,,,,,,,,,,,,,,,,,,,,1,1,1,1,1,2,1,1,1,2,1,1,5,3,4,3,4,5,5,5,5,5,3,5,3,4,5,5,5,2,47,1,2,37.0,12.2
6254,precontemplation,1,1,1,5,2,3,1,2,3,3,1,1,3,1,1,1,1,1,2,5,1.0,1.0,1.0,5.0,1.0,3.0,1.0,2.0,3.0,3.0,1.0,1.0,3.0,1.0,1.0,1.0,1.0,1.0,2.0,5.0,1,1,1,1,1,1,1,1,1,1,1,2,4,2,3,2,3,5,5,5,5,5,4,3,5,5,5,5,3,2,36,3,1,10.0,27.6
6257,precontemplation,1,3,3,1,1,3,2,4,1,4,1,1,1,1,1,1,1,1,1,1,1.0,3.0,3.0,1.0,1.0,3.0,2.0,4.0,1.0,5.0,1.0,1.0,1.0,1.0,1.0,1.0,1.0,1.0,1.0,1.0,4,4,3,1,2,3,2,1,1,4,1,1,4,5,2,3,3,5,5,5,5,5,5,5,5,5,5,5,2,1,42,3,1,18.0,33.3
6311,contemplation,2,1,1,1,1,1,1,1,1,1,4,1,3,4,5,4,3,2,1,3,,,,,,,,,,,,,,,,,,,,,1,2,1,2,2,2,1,1,1,2,1,1,5,5,5,5,5,5,5,5,5,5,4,5,5,5,5,4,2,2,53,1,1,12.0,25.6
6334,precontemplation,1,2,1,1,1,1,1,1,1,1,2,1,1,1,2,1,4,2,1,3,1.0,2.0,1.0,1.0,1.0,1.0,1.0,1.0,1.0,1.0,2.0,2.0,1.0,1.0,2.0,2.0,4.0,2.0,1.0,3.0,1,1,1,1,1,1,1,1,1,1,1,1,3,5,4,3,4,5,5,5,5,5,4,5,5,4,5,5,3,1,57,1,1,7.0,29.6
6347,maintenance,1,1,1,1,1,1,1,1,1,1,1,1,1,1,1,1,1,1,2,1,,,,,,,,,,,,,,,,,,,,,5,5,5,5,5,5,5,5,5,5,5,5,1,1,3,2,1,4,4,3,5,3,5,5,5,4,5,5,5,4,48,4,2,4.0,18.7
6351,contemplation,1,2,1,1,1,5,3,2,1,2,4,4,4,5,5,5,5,4,4,4,1.0,2.0,1.0,1.0,1.0,5.0,2.0,2.0,1.0,2.0,4.0,4.0,4.0,5.0,5.0,5.0,5.0,4.0,3.0,4.0,1,1,1,1,1,1,1,1,1,2,1,2,2,5,3,3,2,5,5,5,5,3,2,5,5,4,5,5,4,2,35,4,2,1.0,14.6
6385,precontemplation,2,1,1,1,1,1,1,1,3,1,2,1,1,1,1,1,1,1,1,1,1.0,1.0,1.0,1.0,1.0,1.0,1.0,1.0,3.0,1.0,2.0,1.0,1.0,1.0,1.0,1.0,1.0,1.0,1.0,1.0,1,1,1,1,1,2,1,1,1,1,1,1,2,1,1,2,1,5,5,5,5,5,5,5,5,5,5,5,5,2,45,2,2,9.0,20.5
6390,contemplation,4,3,2,2,4,2,2,2,1,2,1,1,1,1,1,1,1,1,1,1,4.0,3.0,2.0,2.0,4.0,2.0,2.0,3.0,1.0,1.0,1.0,1.0,1.0,2.0,1.0,1.0,1.0,1.0,1.0,1.0,1,2,1,1,1,2,1,1,1,1,1,2,4,5,4,1,2,5,4,4,4,4,4,5,5,5,5,5,4,4,41,1,1,7.0,18.6
6412,preparation,1,1,1,1,1,2,1,1,1,3,2,4,2,1,1,1,3,3,1,3,1.0,2.0,1.0,1.0,1.0,2.0,1.0,2.0,1.0,3.0,2.0,4.0,2.0,1.0,1.0,1.0,3.0,3.0,1.0,3.0,1,1,1,1,1,1,1,1,1,1,1,1,1,3,3,1,3,5,5,5,4,3,5,2,5,5,5,5,5,3,44,3,2,29.0,30.8
6435,preparation,1,1,1,1,2,1,3,1,1,2,3,3,1,5,3,1,2,2,2,4,1.0,1.0,1.0,1.0,2.0,1.0,3.0,1.0,1.0,2.0,3.0,3.0,1.0,5.0,4.0,1.0,2.0,2.0,2.0,4.0,1,2,1,2,1,1,1,2,1,2,2,1,5,3,2,5,5,5,5,5,5,4,4,4,5,5,5,5,5,4,48,3,2,4.0,18.1
6472,contemplation,1,1,1,1,1,3,1,1,1,1,4,2,1,4,4,1,2,3,5,3,,,,,,,,,,,,,,,,,,,,,1,2,1,1,1,1,1,1,1,1,1,2,2,1,2,4,1,5,4,4,5,3,5,5,5,5,5,5,4,3,26,2,1,7.0,19.0
6474,contemplation,1,1,1,3,1,1,1,1,1,1,1,1,1,1,1,2,2,1,1,1,1.0,1.0,1.0,3.0,1.0,1.0,1.0,1.0,1.0,1.0,1.0,1.0,1.0,1.0,1.0,2.0,2.0,1.0,1.0,1.0,1,1,1,1,1,1,1,1,1,2,1,1,4,5,5,1,4,5,5,5,5,3,5,4,5,5,5,5,3,3,39,2,1,23.0,3.6
6479,preparation,1,1,1,4,2,2,1,2,2,1,1,1,3,2,4,1,3,1,2,1,1.0,1.0,1.0,4.0,2.0,2.0,1.0,2.0,2.0,1.0,1.0,1.0,3.0,3.0,4.0,1.0,3.0,1.0,2.0,1.0,2,1,1,1,2,2,2,1,1,1,1,1,5,5,5,2,3,5,5,5,5,5,4,3,5,5,5,5,4,5,24,4,1,15.0,34.3
6518,precontemplation,2,4,2,3,5,4,3,2,4,2,3,1,2,2,3,3,1,1,2,4,2.0,4.0,2.0,3.0,5.0,4.0,3.0,2.0,4.0,2.0,3.0,1.0,2.0,2.0,3.0,3.0,1.0,1.0,2.0,3.0,1,1,2,1,1,2,1,1,1,5,3,2,5,5,5,3,5,5,5,5,5,4,5,5,5,5,4,3,3,1,29,2,2,7.0,32.8
6548,contemplation,2,2,1,2,1,1,2,1,1,1,4,3,3,2,3,3,3,1,4,4,,,,,,,,,,,,,,,,,,,,,1,1,1,1,1,1,1,1,1,1,1,1,2,1,2,2,1,5,5,5,5,4,4,4,5,5,5,5,5,3,52,2,2,12.0,30.8
6550,precontemplation,1,1,1,1,1,1,1,1,1,1,1,5,1,1,1,1,1,2,2,1,1.0,1.0,1.0,1.0,1.0,1.0,1.0,1.0,1.0,1.0,1.0,5.0,1.0,1.0,1.0,1.0,1.0,2.0,2.0,1.0,1,1,1,1,1,1,1,1,1,1,1,1,3,3,4,3,3,5,5,5,5,4,2,1,5,5,5,5,2,1,18,3,1,17.0,35.2
6552,maintenance,1,1,1,1,1,3,1,1,1,1,2,1,3,1,1,2,1,2,1,1,1.0,1.0,1.0,1.0,1.0,3.0,1.0,1.0,1.0,1.0,2.0,1.0,3.0,2.0,2.0,3.0,1.0,2.0,1.0,1.0,5,5,5,5,5,5,5,5,5,5,5,5,5,5,5,5,5,5,5,5,5,2,3,3,5,5,5,3,2,5,54,4,2,13.0,14.0
6557,precontemplation,1,1,2,2,1,1,1,2,1,1,2,1,3,3,3,2,2,2,5,2,1.0,1.0,2.0,2.0,1.0,1.0,1.0,2.0,1.0,1.0,2.0,1.0,3.0,3.0,3.0,2.0,2.0,2.0,5.0,2.0,1,1,1,1,1,1,1,1,1,1,1,1,3,3,4,4,3,5,5,5,5,5,5,4,5,5,4,4,2,1,38,1,1,10.0,25.5
6611,preparation,1,1,1,1,1,1,1,1,1,1,2,2,2,4,2,2,2,1,4,1,,,,,,,,,,,,,,,,,,,,,4,4,5,2,4,2,5,3,4,5,5,2,4,4,5,3,4,5,5,5,5,1,1,3,4,5,4,5,5,3,58,2,1,19.0,13.3
6616,action,1,1,1,1,1,1,1,1,1,1,1,1,3,1,1,1,2,2,1,2,1.0,1.0,1.0,1.0,1.0,1.0,1.0,1.0,1.0,1.0,1.0,1.0,3.0,1.0,1.0,1.0,2.0,3.0,1.0,2.0,5,5,5,4,5,5,5,5,5,5,5,4,5,3,5,2,4,5,5,5,5,3,5,5,5,5,5,5,4,4,31,4,1,10.0,31.0
6632,contemplation,2,3,1,1,4,3,2,3,1,1,4,3,5,4,1,4,5,3,1,5,,,,,,,,,,,,,,,,,,,,,1,1,1,1,1,2,1,1,1,1,1,1,4,5,4,5,5,5,5,5,5,5,5,4,4,5,5,4,4,2,18,4,2,3.0,1.0
6665,precontemplation,1,3,2,2,3,2,1,3,1,1,1,1,2,1,1,1,1,1,1,1,,,,,,,,,,,,,,,,,,,,,1,4,1,2,2,2,1,1,1,1,2,1,5,5,4,5,5,5,5,5,5,2,2,5,5,4,5,4,5,2,38,3,1,16.0,15.2
6667,precontemplation,1,1,1,1,1,1,2,4,2,3,1,1,1,1,1,1,1,1,1,1,1.0,1.0,2.0,1.0,1.0,1.0,2.0,5.0,2.0,3.0,1.0,1.0,1.0,1.0,1.0,1.0,1.0,1.0,1.0,1.0,1,1,1,1,1,1,1,1,1,1,1,1,5,5,5,5,4,5,5,5,5,5,3,3,5,5,5,5,2,1,32,3,2,4.0,21.8
6704,contemplation,1,1,1,1,1,1,1,1,1,1,1,2,1,1,2,2,1,4,1,1,,,,,,,,,,,,,,,,,,,,,1,1,1,1,1,1,1,1,1,1,1,1,3,3,2,3,3,5,5,5,5,5,2,3,5,5,5,5,4,2,32,2,1,28.0,20.3
6706,contemplation,1,1,2,5,3,1,2,2,1,1,3,1,1,1,1,1,4,1,2,1,1.0,1.0,2.0,5.0,3.0,1.0,2.0,2.0,1.0,2.0,3.0,1.0,1.0,1.0,1.0,1.0,4.0,1.0,2.0,1.0,1,2,1,1,1,1,1,1,1,1,1,1,3,3,3,5,4,5,5,5,5,5,5,5,5,5,3,5,5,2,36,3,1,30.0,9.6
6716,contemplation,1,1,1,1,1,1,1,4,1,1,2,4,2,4,2,3,2,1,3,1,1.0,1.0,1.0,1.0,1.0,1.0,1.0,4.0,1.0,1.0,2.0,4.0,2.0,4.0,2.0,3.0,2.0,1.0,3.0,1.0,1,1,1,1,1,1,1,1,1,1,1,1,3,3,1,2,2,5,5,5,5,5,4,5,4,2,4,3,2,2,25,3,2,10.0,35.1
6719,contemplation,1,2,2,1,1,1,1,3,1,1,4,3,4,3,5,4,3,3,3,3,1.0,2.0,2.0,1.0,1.0,1.0,1.0,3.0,1.0,1.0,4.0,3.0,4.0,2.0,5.0,4.0,3.0,3.0,2.0,3.0,3,2,4,4,2,3,4,1,3,4,4,4,3,3,5,4,1,5,5,5,5,5,5,4,5,5,5,5,4,3,49,2,2,11.0,9.8
6759,precontemplation,1,2,1,3,1,1,1,1,3,1,2,2,1,1,1,1,1,1,1,2,1.0,2.0,1.0,3.0,1.0,1.0,1.0,1.0,3.0,1.0,2.0,2.0,1.0,1.0,1.0,1.0,1.0,1.0,1.0,3.0,1,1,1,1,1,1,1,1,1,1,1,1,3,3,3,2,4,4,5,5,5,5,5,5,1,2,4,5,2,1,30,1,1,2.0,1.0
6780,contemplation,3,5,1,1,1,3,3,1,4,2,2,5,4,2,4,5,3,1,2,2,3.0,5.0,1.0,1.0,1.0,3.0,3.0,1.0,3.0,2.0,2.0,5.0,4.0,2.0,5.0,5.0,3.0,1.0,3.0,2.0,1,1,1,1,1,1,1,1,1,1,1,1,4,4,3,3,4,5,5,5,5,3,5,5,5,5,5,5,4,2,34,3,2,6.0,1.0
6801,contemplation,1,2,3,2,2,5,3,2,2,5,2,1,4,3,4,3,1,1,4,2,1.0,2.0,3.0,2.0,2.0,5.0,3.0,2.0,1.0,5.0,2.0,1.0,4.0,3.0,4.0,3.0,1.0,1.0,3.0,2.0,1,1,1,1,1,1,1,2,3,2,1,5,5,5,5,4,5,5,5,5,5,3,5,5,5,5,5,5,3,1,44,4,2,49.0,35.7
6808,precontemplation,2,1,2,4,2,1,1,1,2,2,1,1,1,1,1,1,1,1,1,1,,,,,,,,,,,,,,,,,,,,,1,1,1,1,1,1,1,1,1,1,1,1,5,5,4,5,4,5,5,5,5,5,4,3,5,5,5,4,3,1,27,3,1,8.0,29.0
6810,precontemplation,1,1,1,1,1,1,1,1,1,1,1,1,2,2,1,1,1,1,1,1,2.0,1.0,1.0,2.0,1.0,1.0,1.0,1.0,1.0,1.0,2.0,1.0,2.0,2.0,1.0,1.0,1.0,2.0,1.0,1.0,1,1,1,1,1,1,1,1,1,1,1,1,2,3,3,3,4,5,5,5,5,4,5,2,5,5,5,5,4,2,43,2,1,29.0,5.8
6814,action,1,1,1,1,1,1,1,1,1,1,3,5,4,2,3,5,1,1,4,2,1.0,1.0,1.0,1.0,1.0,1.0,1.0,1.0,1.0,1.0,3.0,5.0,4.0,2.0,3.0,4.0,1.0,2.0,3.0,2.0,4,3,1,2,4,3,3,4,3,3,5,4,1,2,1,2,1,5,5,5,5,5,4,5,3,4,3,4,2,4,45,4,2,52.0,7.8
6821,contemplation,3,1,2,2,1,4,1,4,1,2,3,2,3,4,1,1,4,4,3,1,3.0,1.0,2.0,2.0,1.0,4.0,1.0,4.0,1.0,2.0,3.0,2.0,3.0,4.0,1.0,1.0,4.0,4.0,3.0,1.0,1,2,1,1,1,1,1,1,3,1,1,1,1,4,3,1,3,4,5,5,5,5,5,5,5,4,5,5,5,3,46,3,1,31.0,3.9
6840,precontemplation,1,1,1,1,3,1,1,1,1,1,1,1,1,1,1,1,1,1,1,1,1.0,1.0,1.0,1.0,3.0,1.0,1.0,1.0,1.0,1.0,1.0,1.0,1.0,1.0,1.0,1.0,1.0,1.0,1.0,2.0,1,1,1,1,1,1,1,1,1,1,1,1,4,5,5,5,5,4,5,5,5,5,4,4,5,5,5,5,3,2,44,2,1,10.0,30.0
6845,precontemplation,1,1,2,2,1,1,1,3,1,1,1,3,1,1,1,1,1,1,1,1,1.0,1.0,2.0,2.0,1.0,1.0,1.0,3.0,1.0,1.0,1.0,3.0,1.0,1.0,1.0,1.0,1.0,1.0,1.0,1.0,1,1,1,1,1,2,1,1,1,1,1,2,1,1,1,1,1,5,5,4,5,5,5,4,4,5,5,5,4,1,68,4,1,5.0,12.7
6868,precontemplation,1,1,1,1,1,1,1,1,1,1,3,1,2,4,2,3,1,1,3,1,1.0,2.0,1.0,1.0,1.0,1.0,1.0,1.0,1.0,2.0,3.0,1.0,2.0,4.0,3.0,3.0,1.0,1.0,3.0,1.0,1,1,1,1,1,1,1,1,1,1,2,1,4,5,4,3,5,5,5,5,5,5,5,5,4,3,2,3,2,1,32,3,1,4.0,34.6
6881,precontemplation,2,2,1,1,4,1,3,1,2,1,1,1,1,1,1,1,1,1,1,1,2.0,2.0,1.0,1.0,4.0,2.0,3.0,1.0,2.0,1.0,1.0,1.0,1.0,1.0,1.0,1.0,1.0,1.0,1.0,1.0,1,1,1,1,1,1,1,1,1,1,1,1,3,2,3,4,3,4,5,4,5,4,5,4,5,5,5,5,4,2,50,4,1,11.0,2.2
6899,contemplation,2,1,1,1,1,2,1,1,3,1,2,1,1,1,1,2,1,1,1,4,2.0,1.0,1.0,1.0,1.0,2.0,1.0,1.0,3.0,1.0,2.0,1.0,1.0,1.0,1.0,1.0,1.0,1.0,1.0,4.0,1,2,2,1,1,1,1,1,1,1,1,1,5,3,5,5,2,5,5,5,5,5,5,5,2,3,4,2,4,2,33,2,1,27.0,28.9
6915,precontemplation,2,4,1,3,2,2,1,3,2,1,1,1,1,2,1,1,1,1,1,1,,,,,,,,,,,,,,,,,,,,,1,1,1,1,1,1,1,1,1,1,1,2,2,1,2,1,1,5,5,5,5,5,5,5,5,5,5,5,3,2,48,4,1,8.0,20.2
6936,preparation,1,1,1,1,1,1,1,1,1,2,3,3,2,1,1,3,2,1,1,1,1.0,1.0,1.0,1.0,1.0,1.0,1.0,1.0,1.0,2.0,3.0,3.0,2.0,2.0,1.0,3.0,2.0,1.0,1.0,2.0,1,1,1,1,1,2,1,1,1,1,1,1,5,2,4,2,3,5,5,5,5,1,1,1,5,4,5,5,4,4,40,2,1,13.0,22.2
6938,precontemplation,1,1,1,2,3,2,2,1,3,3,1,1,1,1,1,1,1,1,1,1,1.0,1.0,1.0,2.0,3.0,2.0,2.0,1.0,3.0,3.0,1.0,1.0,1.0,1.0,1.0,1.0,1.0,1.0,1.0,1.0,1,1,1,1,1,1,1,1,1,1,1,3,3,5,5,5,4,5,5,5,5,5,5,5,2,3,1,2,4,1,32,3,1,1.0,16.2
6947,preparation,1,1,3,2,1,2,1,2,2,1,2,5,1,1,2,1,2,1,4,1,1.0,1.0,3.0,2.0,1.0,2.0,1.0,2.0,2.0,1.0,2.0,5.0,1.0,1.0,2.0,1.0,2.0,1.0,5.0,1.0,1,1,1,1,1,1,1,1,1,1,1,2,4,5,3,4,2,5,5,5,5,2,5,5,3,5,5,3,5,3,40,2,1,10.0,20.9
6963,contemplation,1,1,1,1,1,1,1,1,2,1,3,4,3,3,3,5,5,3,2,4,1.0,1.0,1.0,1.0,1.0,1.0,1.0,1.0,2.0,1.0,3.0,4.0,3.0,3.0,3.0,4.0,4.0,3.0,2.0,4.0,2,2,3,1,2,4,1,1,3,1,2,2,5,4,5,3,3,5,5,5,5,5,4,5,2,5,3,5,3,3,51,3,1,4.0,41.3
6981,contemplation,1,5,4,3,1,2,4,2,5,1,2,2,2,3,4,1,3,2,5,2,1.0,5.0,4.0,3.0,1.0,2.0,4.0,2.0,5.0,1.0,2.0,2.0,3.0,3.0,4.0,1.0,3.0,2.0,5.0,3.0,2,1,3,1,2,1,1,1,1,1,2,1,4,5,5,5,3,5,5,5,5,5,5,5,5,5,5,5,2,2,44,2,1,2.0,2.8
7019,contemplation,1,1,1,1,1,1,1,1,1,1,4,5,2,3,4,2,2,2,4,5,1.0,1.0,1.0,1.0,1.0,2.0,1.0,1.0,1.0,1.0,4.0,5.0,2.0,3.0,4.0,2.0,2.0,2.0,3.0,5.0,1,1,1,1,1,1,1,1,1,4,2,1,2,4,1,2,4,5,4,5,5,5,4,3,5,3,3,5,4,3,46,1,2,31.0,18.9
7036,preparation,5,1,1,1,1,1,1,1,1,1,4,5,3,2,3,3,4,3,3,3,5.0,1.0,1.0,1.0,1.0,1.0,1.0,1.0,1.0,1.0,4.0,5.0,3.0,2.0,3.0,3.0,4.0,3.0,3.0,3.0,1,1,1,1,1,1,1,1,3,2,3,3,5,5,5,5,5,5,5,5,5,5,5,5,5,5,5,4,4,2,38,3,1,11.0,23.8
7038,contemplation,2,2,3,4,1,5,3,4,3,4,2,1,5,3,3,1,1,2,3,2,2.0,2.0,3.0,4.0,1.0,5.0,3.0,4.0,3.0,4.0,2.0,1.0,5.0,3.0,2.0,2.0,1.0,2.0,3.0,2.0,1,1,1,1,1,1,2,2,1,1,1,2,5,4,3,4,4,5,5,5,5,1,1,3,5,5,5,5,5,2,49,1,2,21.0,7.7
7069,contemplation,1,1,1,1,2,2,1,3,3,1,1,1,2,1,1,1,1,1,1,3,,,,,,,,,,,,,,,,,,,,,1,1,1,1,1,1,1,1,1,1,1,3,5,2,5,4,4,5,5,5,4,1,3,2,5,5,5,5,2,3,29,3,2,9.0,38.8
7071,precontemplation,5,1,1,1,4,1,2,1,3,3,2,1,1,1,1,1,1,1,1,1,,,,,,,,,,,,,,,,,,,,,1,1,1,1,1,1,4,1,3,1,1,1,5,5,5,5,5,5,5,5,5,5,5,3,5,5,5,5,2,1,50,1,2,6.0,37.3
7104,action,1,1,1,1,1,1,1,1,1,1,1,2,1,1,3,1,1,2,1,2,1.0,1.0,1.0,1.0,1.0,1.0,1.0,1.0,1.0,1.0,1.0,1.0,1.0,1.0,3.0,1.0,1.0,2.0,1.0,2.0,5,3,4,3,4,3,4,5,5,5,3,4,1,2,1,4,2,5,5,5,5,4,4,5,5,5,5,5,4,4,29,2,1,4.0,12.5
7115,precontemplation,1,1,1,2,1,1,1,1,2,1,2,3,1,3,1,1,2,1,2,2,1.0,1.0,1.0,2.0,1.0,1.0,1.0,2.0,2.0,1.0,2.0,3.0,1.0,3.0,1.0,1.0,2.0,1.0,2.0,2.0,1,1,1,1,1,1,1,1,1,2,1,1,3,4,3,2,3,5,5,5,5,2,1,5,4,5,5,5,4,1,44,4,1,36.0,18.9
7132,preparation,1,1,1,1,1,1,2,2,2,1,4,4,5,2,2,2,5,2,3,4,,,,,,,,,,,,,,,,,,,,,2,3,1,1,4,2,4,1,2,2,1,1,4,3,3,4,5,5,5,5,5,4,3,4,5,3,5,4,2,3,36,2,1,18.0,12.5
7137,preparation,2,2,1,1,2,3,3,4,4,2,1,2,5,2,5,2,3,2,3,4,,,,,,,,,,,,,,,,,,,,,3,2,2,5,4,4,4,4,5,5,4,3,2,1,2,3,4,5,5,5,5,3,2,2,5,5,5,5,2,3,67,4,1,18.0,2.2
7143,precontemplation,1,1,1,1,1,1,1,1,1,1,1,1,1,1,1,3,1,2,1,3,1.0,1.0,1.0,1.0,1.0,1.0,1.0,1.0,1.0,1.0,1.0,1.0,1.0,1.0,1.0,2.0,1.0,2.0,1.0,3.0,1,1,1,1,1,1,1,1,2,1,1,1,1,4,4,3,2,5,5,5,5,4,3,4,4,5,5,5,2,2,55,2,1,5.0,30.0
7151,contemplation,3,3,1,1,1,1,4,1,1,1,1,1,1,1,1,1,1,1,1,1,,,,,,,,,,,,,,,,,,,,,1,1,1,1,1,1,1,1,1,2,1,1,5,5,5,5,4,5,5,5,5,5,4,5,3,4,4,5,2,3,32,4,2,9.0,10.4
7175,precontemplation,3,1,1,1,3,2,3,1,2,2,2,1,1,1,3,1,3,1,4,3,3.0,1.0,1.0,1.0,3.0,2.0,3.0,1.0,2.0,2.0,1.0,1.0,1.0,2.0,3.0,1.0,3.0,1.0,4.0,3.0,2,1,2,3,1,1,1,1,1,2,1,1,2,5,4,5,5,5,5,5,5,5,5,2,3,4,5,5,4,1,45,4,1,5.0,16.9
7178,contemplation,1,1,2,1,4,1,2,1,4,1,3,3,2,4,4,2,1,2,2,3,1.0,1.0,2.0,1.0,3.0,1.0,2.0,1.0,4.0,1.0,3.0,3.0,2.0,4.0,5.0,3.0,1.0,2.0,2.0,3.0,1,1,1,1,1,1,1,1,1,1,1,1,3,4,4,3,4,5,5,5,5,5,5,5,5,5,5,4,5,3,47,3,1,15.0,19.7
7187,contemplation,1,1,1,1,1,1,1,1,1,1,3,1,3,4,3,3,3,1,1,3,,,,,,,,,,,,,,,,,,,,,2,1,1,1,2,1,1,1,2,1,2,1,5,2,5,4,5,5,5,5,5,4,4,4,5,5,5,4,5,3,38,3,1,9.0,4.2
7219,contemplation,1,1,2,1,1,1,2,1,1,5,4,1,2,3,2,4,4,4,2,2,,,,,,,,,,,,,,,,,,,,,1,2,2,1,1,4,1,1,1,1,1,2,3,3,4,3,5,5,5,5,5,5,3,4,5,5,5,4,2,2,40,3,1,26.0,10.5
7235,contemplation,5,3,4,3,2,4,4,4,3,5,3,1,1,1,1,2,2,3,2,1,5.0,3.0,4.0,4.0,2.0,4.0,4.0,4.0,3.0,5.0,3.0,1.0,1.0,1.0,1.0,3.0,2.0,3.0,2.0,1.0,1,1,1,1,1,1,1,2,1,1,1,1,3,1,2,2,2,5,5,4,5,4,5,5,5,4,4,5,5,3,51,2,1,8.0,16.7
7266,precontemplation,2,1,1,2,2,1,1,3,2,3,1,3,2,3,3,2,3,1,1,3,2.0,1.0,1.0,2.0,2.0,1.0,1.0,3.0,3.0,3.0,1.0,3.0,2.0,3.0,4.0,3.0,4.0,1.0,1.0,3.0,1,1,2,1,1,2,2,1,1,1,1,3,3,1,5,2,2,5,5,5,5,2,2,1,5,5,5,5,2,1,27,3,1,15.0,8.4
7269,contemplation,1,1,1,1,1,1,1,1,1,1,1,1,3,1,1,4,3,1,1,2,1.0,1.0,1.0,2.0,1.0,1.0,1.0,1.0,1.0,1.0,1.0,2.0,3.0,2.0,1.0,4.0,3.0,1.0,1.0,2.0,1,1,1,1,1,1,1,1,1,1,3,1,2,2,4,2,1,5,5,5,5,5,3,4,5,5,5,5,5,2,32,1,2,9.0,27.1
7333,contemplation,3,1,2,3,5,4,1,2,1,3,4,3,5,3,3,5,3,5,4,2,3.0,2.0,2.0,3.0,5.0,4.0,1.0,2.0,1.0,3.0,4.0,3.0,5.0,4.0,3.0,4.0,3.0,5.0,4.0,2.0,3,4,1,1,3,3,1,2,1,2,2,1,3,4,5,2,1,5,5,5,5,5,3,5,3,1,3,1,4,2,38,2,1,8.0,25.2
7336,contemplation,4,1,4,2,2,1,2,3,5,1,2,1,1,1,1,1,1,1,1,1,,,,,,,,,,,,,,,,,,,,,1,2,1,4,1,3,1,2,1,1,1,1,2,5,1,2,4,5,5,5,5,5,5,3,5,5,5,5,3,2,30,4,1,11.0,17.9
7357,precontemplation,4,2,1,4,2,4,1,3,1,4,1,1,1,1,1,1,1,1,2,1,,,,,,,,,,,,,,,,,,,,,1,1,1,1,1,1,1,1,1,1,1,1,5,2,3,4,2,5,5,5,5,4,3,5,5,5,5,5,4,2,28,1,1,15.0,18.4
7372,preparation,1,2,1,1,1,1,1,1,1,1,1,1,1,1,1,1,1,1,1,1,1.0,2.0,1.0,1.0,1.0,1.0,1.0,1.0,1.0,1.0,1.0,1.0,2.0,1.0,1.0,1.0,1.0,1.0,1.0,1.0,1,1,1,1,1,1,1,1,2,1,4,3,4,1,3,5,1,5,5,5,5,5,3,3,5,5,5,5,3,3,18,3,2,10.0,18.0
7378,preparation,1,4,1,1,1,1,1,1,1,1,1,1,1,3,1,1,1,1,3,4,1.0,4.0,1.0,1.0,1.0,1.0,1.0,1.0,1.0,1.0,1.0,1.0,1.0,3.0,1.0,1.0,1.0,1.0,3.0,4.0,1,3,1,4,3,2,3,4,4,4,4,3,5,5,5,5,5,5,5,5,5,2,2,2,4,5,5,4,5,4,45,4,2,3.0,31.2
7420,preparation,1,2,1,1,1,2,1,1,1,1,2,2,1,2,1,2,3,1,2,2,1.0,2.0,1.0,1.0,1.0,2.0,1.0,1.0,1.0,1.0,2.0,2.0,1.0,1.0,1.0,2.0,3.0,1.0,2.0,2.0,1,1,1,3,1,2,1,1,1,1,1,1,4,5,4,4,4,5,5,5,5,2,4,5,5,5,5,5,5,3,45,2,1,15.0,23.4
7424,precontemplation,1,1,1,1,1,1,1,1,1,1,2,1,3,2,3,4,1,1,2,4,1.0,1.0,1.0,1.0,1.0,1.0,1.0,1.0,1.0,1.0,2.0,1.0,3.0,2.0,3.0,4.0,1.0,1.0,2.0,4.0,1,1,1,1,1,1,1,1,1,1,1,1,4,3,5,3,4,5,5,5,5,5,5,3,5,5,5,5,3,3,27,3,1,6.0,1.0
7429,preparation,1,2,1,2,1,1,1,1,1,1,4,3,4,2,2,3,4,1,2,2,1.0,2.0,1.0,1.0,1.0,1.0,1.0,1.0,1.0,1.0,4.0,3.0,4.0,3.0,2.0,3.0,4.0,1.0,2.0,2.0,1,1,1,1,1,1,1,1,1,1,2,1,5,5,3,5,5,5,5,5,5,4,4,5,4,3,1,5,2,3,58,3,2,18.0,24.8
7464,precontemplation,1,1,1,1,1,1,1,2,1,1,1,2,1,1,1,1,1,1,1,1,1.0,1.0,1.0,1.0,1.0,1.0,1.0,2.0,1.0,1.0,1.0,2.0,1.0,1.0,1.0,1.0,1.0,1.0,1.0,1.0,1,1,1,1,1,2,1,1,1,1,1,1,5,4,5,2,5,5,5,5,5,3,5,5,5,5,5,5,5,1,40,2,2,6.0,13.2
7466,precontemplation,4,1,1,2,1,2,1,1,1,1,2,1,2,1,2,1,2,1,3,1,4.0,1.0,1.0,2.0,1.0,2.0,1.0,1.0,1.0,1.0,2.0,1.0,2.0,1.0,2.0,1.0,2.0,1.0,3.0,1.0,1,1,1,1,1,1,1,1,1,1,1,1,5,4,3,5,4,5,5,5,5,4,5,3,5,5,5,5,2,3,47,1,3,8.0,25.3
7468,precontemplation,1,1,1,2,2,1,1,2,1,3,1,1,1,1,1,1,1,1,1,1,,,,,,,,,,,,,,,,,,,,,1,1,1,1,1,1,1,1,1,1,1,1,1,3,1,3,4,5,5,5,5,5,4,3,5,4,4,2,3,1,21,2,2,41.0,24.8
7492,precontemplation,1,1,1,2,1,1,3,2,1,1,1,4,1,1,1,1,1,1,1,1,1.0,1.0,1.0,2.0,1.0,1.0,3.0,2.0,1.0,1.0,1.0,4.0,1.0,1.0,1.0,1.0,1.0,1.0,1.0,1.0,1,1,1,1,1,1,1,1,1,1,1,1,4,3,4,2,4,5,5,5,5,5,5,5,4,4,5,5,3,1,44,2,1,1.0,13.4
7538,preparation,1,1,2,2,4,2,4,1,1,1,4,3,2,2,2,3,2,4,4,5,1.0,1.0,2.0,2.0,4.0,2.0,4.0,2.0,1.0,1.0,4.0,3.0,2.0,2.0,2.0,3.0,2.0,4.0,4.0,5.0,1,2,2,1,2,4,5,3,3,2,2,1,5,5,5,4,5,5,5,5,5,5,3,5,5,5,5,5,2,3,38,2,2,7.0,16.2
7559,preparation,1,1,1,1,1,1,1,1,1,1,5,3,4,4,4,2,4,2,4,3,1.0,1.0,1.0,1.0,1.0,1.0,1.0,1.0,1.0,1.0,5.0,2.0,5.0,4.0,4.0,2.0,4.0,2.0,4.0,3.0,1,1,1,1,1,2,1,1,1,1,1,1,3,1,4,2,2,5,5,5,5,5,4,3,5,5,5,5,5,3,24,2,1,3.0,22.8
7570,precontemplation,1,1,1,1,1,1,2,1,1,1,1,1,1,1,1,1,1,1,1,1,1.0,2.0,1.0,2.0,1.0,1.0,2.0,1.0,1.0,1.0,1.0,1.0,1.0,1.0,1.0,1.0,1.0,1.0,1.0,2.0,1,1,1,1,1,1,1,1,1,1,1,1,3,4,3,3,1,5,5,5,5,5,5,5,4,5,5,5,2,3,58,2,1,4.0,1.0
7578,precontemplation,1,1,1,1,1,2,1,1,1,1,1,1,1,1,1,1,1,1,1,1,,,,,,,,,,,,,,,,,,,,,1,1,1,1,1,1,1,1,1,1,1,1,5,4,3,5,5,5,5,5,5,5,5,5,5,5,5,5,2,2,45,3,2,8.0,16.1
7592,contemplation,1,1,1,1,1,1,1,1,1,1,4,4,3,2,3,2,2,1,4,2,1.0,1.0,1.0,1.0,1.0,1.0,1.0,1.0,1.0,1.0,4.0,4.0,3.0,3.0,3.0,2.0,2.0,1.0,4.0,2.0,1,1,1,1,1,1,1,1,1,2,1,1,2,1,2,4,1,5,5,5,5,2,2,3,5,5,5,4,2,1,32,4,1,16.0,33.0
7596,preparation,1,1,1,1,1,1,1,1,1,1,2,1,3,1,2,1,3,1,1,2,1.0,1.0,2.0,1.0,1.0,1.0,1.0,1.0,1.0,1.0,2.0,1.0,3.0,1.0,2.0,1.0,3.0,1.0,1.0,3.0,1,1,1,2,1,1,2,1,1,1,1,1,3,5,1,2,3,5,5,5,5,5,5,5,5,5,5,4,5,4,57,2,2,30.0,19.0
7597,contemplation,3,2,2,1,1,1,3,2,1,1,2,1,1,3,3,3,1,1,2,1,3.0,2.0,2.0,1.0,1.0,1.0,3.0,2.0,1.0,1.0,2.0,1.0,2.0,4.0,3.0,3.0,1.0,1.0,2.0,1.0,2,1,1,1,1,1,1,2,1,1,2,2,2,3,1,3,2,5,5,5,5,3,3,5,5,5,5,5,4,2,57,4,1,3.0,41.8
7604,preparation,3,1,2,1,1,1,1,4,2,1,2,1,1,1,4,2,1,3,1,3,3.0,1.0,2.0,1.0,1.0,1.0,1.0,4.0,2.0,1.0,3.0,1.0,1.0,1.0,4.0,3.0,1.0,3.0,1.0,3.0,2,2,2,1,3,1,1,2,1,1,1,1,4,2,2,3,4,5,5,5,5,4,2,2,5,4,5,5,5,4,31,4,1,4.0,36.3
7614,contemplation,2,4,2,3,3,2,3,5,3,3,1,1,3,1,1,1,2,2,1,2,2.0,3.0,2.0,3.0,3.0,2.0,3.0,5.0,3.0,3.0,1.0,1.0,3.0,1.0,1.0,1.0,2.0,3.0,1.0,2.0,3,1,1,3,1,3,4,2,3,1,3,1,1,1,1,1,4,5,5,4,5,4,3,4,5,5,5,5,5,2,39,1,1,8.0,21.8
7625,precontemplation,1,1,1,1,1,2,1,3,1,1,1,1,1,1,1,1,1,1,1,1,,,,,,,,,,,,,,,,,,,,,1,2,1,1,1,3,3,1,1,2,1,1,5,4,4,5,4,5,5,5,5,5,4,3,5,4,3,5,4,1,42,2,1,10.0,11.0
7641,contemplation,2,4,2,3,1,2,2,3,2,5,3,1,3,1,1,2,1,1,2,2,2.0,4.0,2.0,3.0,1.0,2.0,2.0,3.0,2.0,5.0,3.0,1.0,3.0,1.0,1.0,2.0,1.0,1.0,2.0,2.0,1,2,1,1,1,1,1,2,2,1,1,5,4,2,5,3,3,5,5,5,5,5,3,2,3,3,5,1,4,2,25,2,2,6.0,43.2
7644,contemplation,1,1,1,1,1,1,1,1,1,1,5,2,1,2,4,5,3,3,2,1,,,,,,,,,,,,,,,,,,,,,1,1,1,1,1,1,1,1,1,1,1,1,2,4,2,1,2,5,5,5,5,5,4,5,5,5,5,5,5,3,34,1,2,1.0,15.2
7655,precontemplation,1,3,1,2,1,2,4,1,1,4,1,1,1,1,1,1,1,1,3,2,1.0,3.0,2.0,2.0,1.0,2.0,4.0,1.0,1.0,4.0,1.0,1.0,1.0,1.0,1.0,2.0,1.0,1.0,3.0,2.0,1,1,1,1,2,1,1,1,1,1,1,1,3,2,1,1,2,5,5,5,4,5,5,5,5,4,5,5,4,2,28,4,1,8.0,22.6
7678,contemplation,1,1,3,2,2,3,4,2,1,2,5,4,2,2,4,4,3,5,4,5,,,,,,,,,,,,,,,,,,,,,1,2,1,1,1,1,1,1,1,1,1,1,5,5,5,5,5,5,5,4,5,4,5,4,5,5,5,5,4,4,35,2,2,10.0,26.6
7683,contemplation,1,1,1,1,1,1,1,3,1,2,4,1,3,3,4,2,1,2,2,3,1.0,1.0,1.0,1.0,1.0,1.0,1.0,3.0,1.0,2.0,4.0,1.0,3.0,2.0,4.0,3.0,1.0,2.0,2.0,3.0,1,2,1,2,1,1,1,1,1,3,2,3,2,4,2,3,4,5,5,5,5,2,3,3,5,5,3,5,3,3,34,1,1,2.0,30.2
7698,precontemplation,2,2,1,1,1,1,1,1,4,1,1,2,1,1,1,2,1,1,2,1,2.0,2.0,1.0,1.0,1.0,1.0,1.0,1.0,4.0,1.0,1.0,2.0,1.0,1.0,1.0,2.0,1.0,1.0,2.0,1.0,1,1,1,1,1,1,1,1,1,1,1,1,1,1,1,1,1,5,2,5,4,5,3,4,3,4,3,5,5,1,49,3,1,30.0,35.2
7710,preparation,1,1,1,2,1,1,1,1,5,2,2,2,2,4,4,5,5,4,2,4,1.0,1.0,1.0,2.0,1.0,1.0,1.0,2.0,5.0,2.0,3.0,2.0,2.0,4.0,4.0,5.0,5.0,4.0,2.0,4.0,1,1,1,1,1,4,1,1,1,1,1,1,2,3,3,1,3,5,5,5,5,3,5,4,5,5,5,5,5,4,43,4,1,17.0,1.0
7722,contemplation,5,2,4,2,3,1,4,2,2,2,5,3,4,1,2,3,3,5,5,1,,,,,,,,,,,,,,,,,,,,,1,1,1,1,2,1,1,1,1,1,1,1,5,5,5,5,5,5,4,5,4,3,4,2,5,5,5,5,4,2,49,1,1,25.0,30.8
7751,precontemplation,1,5,2,5,4,1,1,3,3,3,1,1,1,1,1,1,1,1,2,1,1.0,5.0,1.0,5.0,4.0,1.0,1.0,3.0,3.0,4.0,1.0,1.0,1.0,1.0,1.0,1.0,1.0,1.0,3.0,1.0,3,2,2,3,1,1,1,1,1,1,1,1,1,3,1,2,1,5,5,5,4,5,2,1,5,3,5,5,5,2,47,2,1,19.0,24.1
7767,contemplation,1,2,1,1,1,1,3,2,1,1,3,4,3,3,2,1,3,1,3,4,1.0,2.0,1.0,1.0,1.0,1.0,3.0,2.0,1.0,1.0,3.0,3.0,3.0,3.0,2.0,1.0,3.0,1.0,3.0,4.0,1,1,1,1,1,1,1,1,2,3,3,4,4,2,3,2,3,5,5,5,5,5,5,5,5,5,5,5,5,1,30,3,2,22.0,8.3
7772,precontemplation,2,1,1,1,1,1,2,3,1,1,1,3,1,3,1,3,2,2,3,3,,,,,,,,,,,,,,,,,,,,,1,1,1,1,1,2,1,1,1,1,1,1,3,5,3,5,4,5,5,5,5,3,3,3,5,5,5,5,3,1,34,4,1,34.0,31.5
7781,contemplation,2,1,1,1,1,3,1,2,3,1,3,1,2,4,2,3,3,2,2,5,,,,,,,,,,,,,,,,,,,,,3,4,1,1,3,2,1,1,1,3,2,1,2,3,4,1,5,5,5,5,5,2,3,5,5,5,5,5,3,4,37,2,2,14.0,20.0
7786,preparation,1,1,1,2,1,1,1,1,1,1,1,1,1,1,1,1,1,1,1,1,1.0,2.0,1.0,2.0,1.0,1.0,1.0,1.0,1.0,1.0,1.0,1.0,1.0,1.0,1.0,1.0,1.0,1.0,1.0,1.0,1,1,1,2,1,2,1,1,1,1,3,1,4,2,2,2,2,5,5,5,5,5,5,4,4,2,3,4,3,4,25,4,2,10.0,12.1
7797,preparation,2,1,1,2,1,1,1,1,1,1,2,4,1,3,3,1,1,2,4,2,2.0,2.0,1.0,2.0,1.0,1.0,1.0,1.0,1.0,2.0,2.0,4.0,1.0,3.0,3.0,1.0,1.0,2.0,4.0,2.0,1,1,1,1,1,2,1,2,1,1,1,3,4,3,5,3,4,5,5,5,5,4,4,5,2,5,3,5,5,4,35,3,2,21.0,9.2
7799,contemplation,2,3,4,4,3,5,4,3,3,3,4,2,1,2,4,2,3,1,2,4,2.0,3.0,4.0,3.0,3.0,5.0,4.0,3.0,3.0,3.0,4.0,2.0,1.0,3.0,4.0,2.0,3.0,1.0,2.0,4.0,1,1,1,1,1,1,1,1,1,1,1,1,3,2,2,3,3,5,5,5,5,3,2,3,4,5,4,3,3,2,22,2,1,12.0,33.7
7808,contemplation,3,1,1,1,2,2,1,1,1,2,3,3,1,1,3,1,3,3,4,1,3.0,1.0,1.0,1.0,2.0,2.0,1.0,1.0,1.0,2.0,3.0,3.0,1.0,1.0,3.0,1.0,3.0,3.0,5.0,1.0,1,1,2,1,1,2,1,1,2,1,1,1,4,2,4,1,2,5,5,5,5,5,5,5,5,5,5,5,4,3,42,3,2,10.0,17.7
7809,preparation,3,3,2,3,1,1,1,2,1,1,3,5,4,5,3,5,3,1,4,3,3.0,3.0,2.0,2.0,1.0,1.0,1.0,2.0,1.0,1.0,3.0,5.0,4.0,5.0,3.0,5.0,3.0,1.0,4.0,3.0,2,2,2,2,3,3,1,1,1,1,1,1,5,5,4,2,5,5,5,5,5,2,5,4,5,5,5,5,2,3,28,2,1,4.0,1.0
7819,precontemplation,1,2,1,1,1,1,1,1,1,1,1,1,1,1,1,1,1,1,3,3,1.0,2.0,1.0,1.0,1.0,1.0,1.0,1.0,1.0,1.0,2.0,1.0,1.0,1.0,1.0,1.0,1.0,2.0,3.0,3.0,1,1,1,1,1,1,1,1,1,1,1,1,5,5,5,5,5,5,5,5,5,4,1,3,5,5,5,4,3,1,31,3,2,15.0,8.9
7835,preparation,1,1,1,1,1,2,1,1,1,1,1,1,2,2,3,2,1,2,2,2,,,,,,,,,,,,,,,,,,,,,1,1,4,1,1,2,1,1,1,2,1,1,5,2,1,3,1,5,5,5,5,1,2,4,5,5,5,5,5,4,33,4,2,2.0,34.4
7868,contemplation,1,3,4,4,2,2,1,2,4,3,1,3,2,1,3,4,4,2,1,1,1.0,2.0,3.0,4.0,2.0,2.0,1.0,2.0,4.0,3.0,1.0,3.0,2.0,1.0,3.0,4.0,3.0,2.0,1.0,2.0,1,1,1,1,1,4,1,1,1,1,1,1,2,5,3,3,5,5,5,5,5,5,5,5,5,5,5,5,4,2,35,2,2,16.0,13.8
7881,precontemplation,3,1,3,1,2,1,4,2,1,3,2,3,1,1,2,1,1,4,2,2,3.0,1.0,3.0,1.0,2.0,1.0,4.0,2.0,1.0,3.0,2.0,3.0,1.0,1.0,1.0,1.0,1.0,4.0,3.0,2.0,1,2,1,1,3,1,1,1,1,1,1,2,4,3,5,4,4,5,5,5,5,5,4,5,5,4,5,3,5,1,34,4,2,9.0,9.9
7899,precontemplation,3,1,1,2,1,2,1,1,1,2,1,1,1,2,1,1,1,1,2,1,,,,,,,,,,,,,,,,,,,,,1,1,1,1,1,1,1,1,1,1,1,1,3,1,4,5,1,5,5,5,5,2,5,5,3,4,5,5,4,2,48,4,2,13.0,1.0
7906,action,1,1,1,1,1,1,1,1,1,1,1,1,2,1,2,1,1,1,1,1,1.0,2.0,1.0,1.0,1.0,1.0,1.0,1.0,1.0,1.0,1.0,1.0,2.0,1.0,2.0,2.0,1.0,1.0,1.0,1.0,5,5,5,5,4,4,5,3,3,3,4,4,3,1,1,2,2,3,5,5,5,5,5,5,5,4,5,5,2,5,37,3,1,5.0,28.2
7916,precontemplation,4,2,3,5,5,4,5,3,4,4,1,1,1,1,1,1,1,1,1,1,4.0,2.0,3.0,5.0,5.0,4.0,5.0,3.0,4.0,4.0,1.0,1.0,1.0,1.0,1.0,1.0,1.0,1.0,1.0,1.0,1,1,1,1,1,1,1,1,1,1,1,1,3,2,2,3,3,5,5,5,5,3,4,5,5,5,5,5,2,2,51,4,1,6.0,18.9
7921,contemplation,3,4,2,1,1,3,3,1,1,1,2,2,4,2,1,2,5,4,2,4,3.0,4.0,2.0,1.0,1.0,3.0,3.0,1.0,1.0,1.0,2.0,2.0,4.0,2.0,1.0,2.0,5.0,4.0,2.0,3.0,4,2,3,2,4,4,1,1,1,1,2,1,4,1,3,3,3,5,5,5,5,4,3,4,5,5,5,3,4,3,33,3,2,1.0,1.0
7936,preparation,2,1,1,1,1,1,1,2,1,1,2,1,1,2,2,1,2,2,1,4,2.0,1.0,1.0,1.0,1.0,1.0,1.0,3.0,1.0,2.0,2.0,1.0,1.0,2.0,2.0,1.0,2.0,3.0,1.0,4.0,2,1,2,3,2,1,4,3,2,2,4,4,4,2,2,1,3,5,5,5,5,5,5,5,5,5,5,5,3,3,42,4,3,19.0,31.1
7947,contemplation,1,1,1,1,1,1,1,1,1,1,5,4,4,5,4,5,4,3,5,5,1.0,1.0,1.0,1.0,1.0,1.0,1.0,1.0,1.0,1.0,5.0,4.0,3.0,5.0,4.0,5.0,4.0,3.0,5.0,5.0,1,1,1,1,1,1,1,3,2,1,1,2,4,4,5,5,5,4,5,5,4,3,4,4,5,5,5,5,4,3,37,3,1,15.0,29.8
7969,precontemplation,2,1,1,1,1,2,1,1,1,1,1,1,1,1,1,1,1,1,1,1,,,,,,,,,,,,,,,,,,,,,1,1,1,1,1,2,1,1,1,1,1,2,1,1,1,2,1,5,5,5,5,5,5,3,5,5,4,5,5,2,44,2,2,6.0,24.3
7981,contemplation,2,3,2,2,1,2,1,1,3,4,2,3,1,2,2,1,1,2,2,1,2.0,3.0,2.0,2.0,1.0,2.0,2.0,1.0,3.0,4.0,2.0,3.0,1.0,2.0,3.0,1.0,1.0,2.0,2.0,1.0,1,2,3,2,3,1,1,1,1,1,1,1,5,4,5,5,5,5,5,5,5,4,5,5,5,5,5,5,5,3,50,1,1,18.0,31.5
